{
  "id": "FD_Chair_15_Constructed_DF",
  "asset_path": "/Game/Furniture/Chairs/Construction/FD_Chair_15_Constructed_DF",
  "class": "UDamageableFurnitureDefinition",
  "schema_version": 2,
  "properties": {
    "starting_health": 180,
    "furniture_armour": 3,
    "destructible_collection": "/Game/Furniture/Chairs/GeometryCollections/GCS_cm_Chair001.GCS_cm_Chair001",
    "destruction_impulse_strength": 0,
    "loot_dropped_on_death": [
      "LD_MetalFabricChairLoot"
    ],
    "deconstruction_tier": 0,
    "blocking_collision_boxes": [
      {
        "offset": {
          "x": 1.8687398295469393e-09,
          "y": 8.821309341632091,
          "z": 21.269943984897925
        },
        "rotation": {
          "pitch": 0,
          "yaw": 0,
          "roll": 0
        },
        "box_size": {
          "x": 22.593558956789018,
          "y": 26.618448088232128,
          "z": 15.285088
        }
      }
    ],
    "support_collision_boxes": [
      {
        "offset": {
          "x": -36.23337470349386,
          "y": -22.945121385170275,
          "z": 83.53943405704835
        },
        "rotation": {
          "pitch": 0,
          "yaw": 24.999999806340973,
          "roll": 0
        },
        "box_size": {
          "x": 7.210601438915729,
          "y": 25.53690058919728,
          "z": 21.637553744942664
        }
      },
      {
        "offset": {
          "x": -0.1155689999998579,
          "y": 8.260850396752758,
          "z": 24.100754803753695
        },
        "rotation": {
          "pitch": 0,
          "yaw": 0,
          "roll": 0
        },
        "box_size": {
          "x": 40.34096965236926,
          "y": 37.40201367332631,
          "z": 26.324736
        }
      },
      {
        "offset": {
          "x": 35.008907616611296,
          "y": -18.488093049006203,
          "z": 84.11475213308302
        },
        "rotation": {
          "pitch": -19.207479461683395,
          "yaw": -29.837566307323556,
          "roll": -4.837566518007548
        },
        "box_size": {
          "x": 8.29207451376915,
          "y": 24.023699670984747,
          "z": 23.71319156744775
        }
      },
      {
        "offset": {
          "x": -0.11556900000014211,
          "y": -32.65923025514756,
          "z": 73.40763087077886
        },
        "rotation": {
          "pitch": 0,
          "yaw": 0,
          "roll": -15
        },
        "box_size": {
          "x": 24.460448,
          "y": 12.17920706379509,
          "z": 33.111990757045746
        }
      }
    ],
    "effect_hitboxes": [],
    "building_base": {
      "rotation": {
        "x": 0,
        "y": 0,
        "z": 0,
        "w": 1
      },
      "translation": {
        "x": 0,
        "y": 0,
        "z": 0
      },
      "scale3_d": {
        "x": 1,
        "y": 1,
        "z": 1
      }
    },
    "construction_category_tag": "",
    "is_draggable": true,
    "drag_tier": 0,
    "drag_mass": 20,
    "friction": 0.699999988079071,
    "restitution": 0.30000001192092896,
    "drag_linear_damping": 5,
    "drag_angular_damping": 5,
    "drag_max_angular_velocity": 90,
    "release_linear_damping": 0.009999999776482582,
    "release_angular_damping": 0.05000000074505806,
    "display_name": "Chair",
    "description": "Seating furniture from the store.",
    "level": 1,
    "gameplay_tags": [
      "Entity.RandomGeneration.FurnitureCategory.LivingRoom",
      "Entity.RandomGeneration.FurnitureType.Chair",
      "Entity.RandomGeneration.Materials.Fabric",
      "Entity.RandomGeneration.Materials.Leather",
      "Entity.RandomGeneration.Materials.Metal",
      "Tile.Biome.ShowFloor"
    ],
    "default_world_gen_gameplay_tags": [],
    "meta_tags": [],
    "is_pingable": false,
    "static_mesh": "/Game/Furniture/Chairs/Meshes/SM_cm_Chair001.SM_cm_Chair001",
    "casts_shadow": true,
    "collision_profile_name": {
      "name": "Furniture"
    },
    "random_material_overrides": [],
    "loot_positions": [],
    "weighted_chance": 1000,
    "world_gen_priority": 1000
  }
}
