{
  "id": "FD_Chair_6_Constructed_DF",
  "asset_path": "/Game/Furniture/Chairs/Construction/FD_Chair_6_Constructed_DF",
  "class": "UDamageableFurnitureDefinition",
  "schema_version": 2,
  "properties": {
    "starting_health": 120,
    "furniture_armour": 2,
    "destructible_collection": "/Game/Furniture/Chairs/GeometryCollections/GCS_Aston_2131_chair.GCS_Aston_2131_chair",
    "destruction_impulse_strength": 0,
    "loot_dropped_on_death": [
      "LD_WoodenChairLoot"
    ],
    "deconstruction_tier": 0,
    "blocking_collision_boxes": [
      {
        "offset": {
          "x": -8.525935513148397e-08,
          "y": 3.183879,
          "z": 24.89587157971706
        },
        "rotation": {
          "pitch": 0,
          "yaw": 0,
          "roll": 0
        },
        "box_size": {
          "x": 19.395346839832307,
          "y": 15.998020221300123,
          "z": 18.77639397803742
        }
      }
    ],
    "support_collision_boxes": [
      {
        "offset": {
          "x": -0.115569,
          "y": -19.76773,
          "z": 63.337837
        },
        "rotation": {
          "pitch": 0,
          "yaw": 0,
          "roll": -15
        },
        "box_size": {
          "x": 24.460448,
          "y": 4.742896338130951,
          "z": 20.07852385477209
        }
      },
      {
        "offset": {
          "x": 25.045847959625494,
          "y": -7.822343462990422,
          "z": 61.94061462597109
        },
        "rotation": {
          "pitch": -6.340453708808711e-11,
          "yaw": -14.999999883854727,
          "roll": 14.999999883559106
        },
        "box_size": {
          "x": 3.7616,
          "y": 14.035616,
          "z": 12.715008
        }
      },
      {
        "offset": {
          "x": -24.62095761963875,
          "y": -8.18745452352355,
          "z": 62.7073226594013
        },
        "rotation": {
          "pitch": 3.8409656552130196,
          "yaw": 15.489181173810262,
          "roll": 14.510818598309463
        },
        "box_size": {
          "x": 3.7616,
          "y": 14.035616,
          "z": 12.715009817241668
        }
      },
      {
        "offset": {
          "x": -0.11556900038642334,
          "y": 1.807603,
          "z": 24.48145353596849
        },
        "rotation": {
          "pitch": 0,
          "yaw": 0,
          "roll": 0
        },
        "box_size": {
          "x": 25.557184,
          "y": 28.286464,
          "z": 24.4008
        }
      }
    ],
    "effect_hitboxes": [],
    "building_base": {
      "rotation": {
        "x": 0,
        "y": 0,
        "z": 0,
        "w": 1
      },
      "translation": {
        "x": 0,
        "y": 0,
        "z": 0
      },
      "scale3_d": {
        "x": 1,
        "y": 1,
        "z": 1
      }
    },
    "construction_category_tag": "",
    "is_draggable": true,
    "drag_tier": 0,
    "drag_mass": 20,
    "friction": 0.699999988079071,
    "restitution": 0.30000001192092896,
    "drag_linear_damping": 5,
    "drag_angular_damping": 5,
    "drag_max_angular_velocity": 90,
    "release_linear_damping": 0.009999999776482582,
    "release_angular_damping": 0.05000000074505806,
    "display_name": "Chair",
    "description": "Seating furniture from the store.",
    "level": 1,
    "gameplay_tags": [
      "Entity.RandomGeneration.FurnitureCategory.DiningRoom",
      "Entity.RandomGeneration.FurnitureCategory.LivingRoom",
      "Entity.RandomGeneration.FurnitureCategory.Office",
      "Entity.RandomGeneration.FurnitureType.Chair",
      "Entity.RandomGeneration.Materials.Wood",
      "Tile.Biome.ShowFloor"
    ],
    "default_world_gen_gameplay_tags": [],
    "meta_tags": [],
    "is_pingable": false,
    "static_mesh": "/Game/Furniture/Chairs/Meshes/SM_Aston_2131_chair.SM_Aston_2131_chair",
    "casts_shadow": true,
    "collision_profile_name": {
      "name": "Furniture"
    },
    "random_material_overrides": [],
    "loot_positions": [],
    "weighted_chance": 1000,
    "world_gen_priority": 1000
  }
}
