{
  "id": "FD_Chair_19_Constructed_DF",
  "asset_path": "/Game/Furniture/Chairs/Construction/FD_Chair_19_Constructed_DF",
  "class": "UDamageableFurnitureDefinition",
  "schema_version": 2,
  "properties": {
    "starting_health": 180,
    "furniture_armour": 3,
    "destructible_collection": "/Game/Furniture/Chairs/GeometryCollections/GCS_HO10_Chair.GCS_HO10_Chair",
    "destruction_impulse_strength": 0,
    "loot_dropped_on_death": [
      "LD_MetalFabricChairLoot"
    ],
    "deconstruction_tier": 0,
    "blocking_collision_boxes": [
      {
        "offset": {
          "x": 0,
          "y": 3.183879,
          "z": 24.659641
        },
        "rotation": {
          "pitch": 0,
          "yaw": 0,
          "roll": 0
        },
        "box_size": {
          "x": 20.034624,
          "y": 17.27632,
          "z": 15.285088
        }
      }
    ],
    "support_collision_boxes": [
      {
        "offset": {
          "x": -25.121943,
          "y": -5.608719881415972,
          "z": 55.94699182092682
        },
        "rotation": {
          "pitch": 0,
          "yaw": 0,
          "roll": 0
        },
        "box_size": {
          "x": 3.7616,
          "y": 10.812770627393723,
          "z": 13.465632
        }
      },
      {
        "offset": {
          "x": -0.11556899999990053,
          "y": 3.6431213985329904,
          "z": 24.10075498432909
        },
        "rotation": {
          "pitch": 0,
          "yaw": 0,
          "roll": 0
        },
        "box_size": {
          "x": 25.557184,
          "y": 23.365139455413757,
          "z": 26.324736
        }
      },
      {
        "offset": {
          "x": 25.481969,
          "y": -5.6087198825459215,
          "z": 53.60937636812131
        },
        "rotation": {
          "pitch": 0,
          "yaw": 0,
          "roll": 0
        },
        "box_size": {
          "x": 3.7616,
          "y": 11.816432528152466,
          "z": 13.465632
        }
      },
      {
        "offset": {
          "x": -0.115569,
          "y": -17.929042023355162,
          "z": 66.01930761233126
        },
        "rotation": {
          "pitch": 0,
          "yaw": 0,
          "roll": -15
        },
        "box_size": {
          "x": 24.460448,
          "y": 6.358176,
          "z": 18.43056
        }
      }
    ],
    "effect_hitboxes": [],
    "building_base": {
      "rotation": {
        "x": 0,
        "y": 0,
        "z": 0,
        "w": 1
      },
      "translation": {
        "x": 0,
        "y": 0,
        "z": 0
      },
      "scale3_d": {
        "x": 1,
        "y": 1,
        "z": 1
      }
    },
    "construction_category_tag": "",
    "is_draggable": true,
    "drag_tier": 0,
    "drag_mass": 20,
    "friction": 0.699999988079071,
    "restitution": 0.30000001192092896,
    "drag_linear_damping": 5,
    "drag_angular_damping": 5,
    "drag_max_angular_velocity": 90,
    "release_linear_damping": 0.009999999776482582,
    "release_angular_damping": 0.05000000074505806,
    "display_name": "Chair",
    "description": "Seating furniture from the store.",
    "level": 1,
    "gameplay_tags": [
      "Entity.RandomGeneration.FurnitureCategory.Office",
      "Entity.RandomGeneration.FurnitureType.Chair",
      "Entity.RandomGeneration.Materials.Leather",
      "Entity.RandomGeneration.Materials.Metal",
      "Entity.RandomGeneration.Materials.Wood",
      "Tile.Biome.ShowFloor"
    ],
    "default_world_gen_gameplay_tags": [],
    "meta_tags": [],
    "is_pingable": false,
    "static_mesh": "/Game/Furniture/Chairs/Meshes/SM_HO10_Chair.SM_HO10_Chair",
    "casts_shadow": true,
    "collision_profile_name": {
      "name": "Furniture"
    },
    "random_material_overrides": [],
    "loot_positions": [],
    "weighted_chance": 1000,
    "world_gen_priority": 1000
  }
}
