{
  "id": "FD_Chair_9_Constructed_DF",
  "asset_path": "/Game/Furniture/Chairs/Construction/FD_Chair_9_Constructed_DF",
  "class": "UDamageableFurnitureDefinition",
  "schema_version": 2,
  "properties": {
    "starting_health": 120,
    "furniture_armour": 2,
    "destructible_collection": "/Game/Furniture/Chairs/GeometryCollections/GCS_Chair_1141.GCS_Chair_1141",
    "destruction_impulse_strength": 0,
    "loot_dropped_on_death": [
      "LD_WoodenChairLoot"
    ],
    "deconstruction_tier": 0,
    "blocking_collision_boxes": [
      {
        "offset": {
          "x": 1.4210854715202004e-14,
          "y": 0.057032909673263354,
          "z": 24.659641011172837
        },
        "rotation": {
          "pitch": 0,
          "yaw": 0,
          "roll": 0
        },
        "box_size": {
          "x": 16.88766269843483,
          "y": 16.606581282622813,
          "z": 15.285088
        }
      }
    ],
    "support_collision_boxes": [
      {
        "offset": {
          "x": -0.11556900795674283,
          "y": 0.03397262779664323,
          "z": 20.34532182517901
        },
        "rotation": {
          "pitch": 0,
          "yaw": 0,
          "roll": 0
        },
        "box_size": {
          "x": 21.717166472658157,
          "y": 20.286018514884947,
          "z": 20.832582128195526
        }
      },
      {
        "offset": {
          "x": -0.1155689998890683,
          "y": -17.936003891415734,
          "z": 64.42585580653437
        },
        "rotation": {
          "pitch": 0,
          "yaw": 0,
          "roll": -1.1619549944441587e-07
        },
        "box_size": {
          "x": 19.66200331167984,
          "y": 3.7883572453195455,
          "z": 22.90265797333926
        }
      }
    ],
    "effect_hitboxes": [],
    "building_base": {
      "rotation": {
        "x": 0,
        "y": 0,
        "z": 0,
        "w": 1
      },
      "translation": {
        "x": 0,
        "y": 0,
        "z": 0
      },
      "scale3_d": {
        "x": 1,
        "y": 1,
        "z": 1
      }
    },
    "construction_category_tag": "",
    "is_draggable": true,
    "drag_tier": 0,
    "drag_mass": 20,
    "friction": 0.699999988079071,
    "restitution": 0.30000001192092896,
    "drag_linear_damping": 5,
    "drag_angular_damping": 5,
    "drag_max_angular_velocity": 90,
    "release_linear_damping": 0.009999999776482582,
    "release_angular_damping": 0.05000000074505806,
    "display_name": "Chair",
    "description": "Seating furniture from the store.",
    "level": 1,
    "gameplay_tags": [
      "Entity.RandomGeneration.FurnitureCategory.DiningRoom",
      "Entity.RandomGeneration.FurnitureCategory.LivingRoom",
      "Entity.RandomGeneration.FurnitureCategory.Office",
      "Entity.RandomGeneration.FurnitureType.Chair",
      "Entity.RandomGeneration.Materials.Fabric",
      "Entity.RandomGeneration.Materials.Wood",
      "Tile.Biome.ShowFloor"
    ],
    "default_world_gen_gameplay_tags": [],
    "meta_tags": [],
    "is_pingable": false,
    "static_mesh": "/Game/Furniture/Chairs/Meshes/SM_Chair_1141.SM_Chair_1141",
    "casts_shadow": true,
    "collision_profile_name": {
      "name": "Furniture"
    },
    "random_material_overrides": [],
    "loot_positions": [],
    "weighted_chance": 1000,
    "world_gen_priority": 1000
  }
}
