{
  "id": "FD_Chair_3_Constructed_DF",
  "asset_path": "/Game/Furniture/Chairs/Construction/FD_Chair_3_Constructed_DF",
  "class": "UDamageableFurnitureDefinition",
  "schema_version": 2,
  "properties": {
    "starting_health": 180,
    "furniture_armour": 3,
    "destructible_collection": "/Game/Furniture/Chairs/GeometryCollections/GCS_Armchair_01.GCS_Armchair_01",
    "destruction_impulse_strength": 0,
    "loot_dropped_on_death": [
      "LD_MetalFabricChairLoot"
    ],
    "deconstruction_tier": 0,
    "blocking_collision_boxes": [
      {
        "offset": {
          "x": 0,
          "y": 3.183879,
          "z": 24.659641
        },
        "rotation": {
          "pitch": 0,
          "yaw": 0,
          "roll": 0
        },
        "box_size": {
          "x": 20.034624,
          "y": 17.27632,
          "z": 15.285088
        }
      }
    ],
    "support_collision_boxes": [
      {
        "offset": {
          "x": -0.11556899875773305,
          "y": -26.658223030090838,
          "z": 56.9961897829985
        },
        "rotation": {
          "pitch": 0,
          "yaw": 0,
          "roll": -1.1619549944441587e-07
        },
        "box_size": {
          "x": 24.460448,
          "y": 5.754752,
          "z": 14.93403175477916
        }
      },
      {
        "offset": {
          "x": -30.25852200752294,
          "y": -1.4620787401149706,
          "z": 54.16763898292238
        },
        "rotation": {
          "pitch": 14.999999883551823,
          "yaw": 14.999999883804502,
          "roll": 9.429587045546434e-10
        },
        "box_size": {
          "x": 5.824500558114051,
          "y": 25.848875970396755,
          "z": 18.614820815010905
        }
      },
      {
        "offset": {
          "x": -1.1505332335259262,
          "y": 2.8728337328428033,
          "z": 23.094940000947407
        },
        "rotation": {
          "pitch": 0,
          "yaw": 0,
          "roll": 0
        },
        "box_size": {
          "x": 34.846141342505454,
          "y": 25.086586559070586,
          "z": 24.4008
        }
      },
      {
        "offset": {
          "x": 29.933328065926663,
          "y": -0.4485718326245779,
          "z": 52.84027888741669
        },
        "rotation": {
          "pitch": -14.999999883551215,
          "yaw": -14.999999883803895,
          "roll": 9.429640552774546e-10
        },
        "box_size": {
          "x": 5.824512,
          "y": 25.848864,
          "z": 18.614816
        }
      }
    ],
    "effect_hitboxes": [],
    "building_base": {
      "rotation": {
        "x": 0,
        "y": 0,
        "z": 0,
        "w": 1
      },
      "translation": {
        "x": 0,
        "y": 0,
        "z": 0
      },
      "scale3_d": {
        "x": 1,
        "y": 1,
        "z": 1
      }
    },
    "construction_category_tag": "",
    "is_draggable": true,
    "drag_tier": 0,
    "drag_mass": 20,
    "friction": 0.699999988079071,
    "restitution": 0.30000001192092896,
    "drag_linear_damping": 5,
    "drag_angular_damping": 5,
    "drag_max_angular_velocity": 90,
    "release_linear_damping": 0.009999999776482582,
    "release_angular_damping": 0.05000000074505806,
    "display_name": "Chair",
    "description": "Seating furniture from the store.",
    "level": 1,
    "gameplay_tags": [
      "Entity.RandomGeneration.FurnitureCategory.LivingRoom",
      "Entity.RandomGeneration.FurnitureCategory.Office",
      "Entity.RandomGeneration.FurnitureType.Chair",
      "Entity.RandomGeneration.Materials.Fabric",
      "Entity.RandomGeneration.Materials.Metal",
      "Tile.Biome.ShowFloor"
    ],
    "default_world_gen_gameplay_tags": [],
    "meta_tags": [],
    "is_pingable": false,
    "static_mesh": "/Game/Furniture/Chairs/Meshes/SM_Armchair_01.SM_Armchair_01",
    "casts_shadow": true,
    "collision_profile_name": {
      "name": "Furniture"
    },
    "random_material_overrides": [],
    "loot_positions": [],
    "weighted_chance": 1000,
    "world_gen_priority": 1000
  }
}
