{
  "id": "FD_Chair_13_Constructed_DF",
  "asset_path": "/Game/Furniture/Chairs/Construction/FD_Chair_13_Constructed_DF",
  "class": "UDamageableFurnitureDefinition",
  "schema_version": 2,
  "properties": {
    "starting_health": 120,
    "furniture_armour": 2,
    "destructible_collection": "/Game/Furniture/Chairs/GeometryCollections/GCS_Chair_H.GCS_Chair_H",
    "destruction_impulse_strength": 0,
    "loot_dropped_on_death": [
      "LD_WoodenChairLoot"
    ],
    "deconstruction_tier": 0,
    "blocking_collision_boxes": [
      {
        "offset": {
          "x": 0,
          "y": 0.057033,
          "z": 24.659641
        },
        "rotation": {
          "pitch": 0,
          "yaw": 0,
          "roll": 0
        },
        "box_size": {
          "x": 16.887648,
          "y": 16.606592,
          "z": 15.285088
        }
      }
    ],
    "support_collision_boxes": [
      {
        "offset": {
          "x": -0.115569,
          "y": 0.03397306266474143,
          "z": 10.572268372064453
        },
        "rotation": {
          "pitch": 0,
          "yaw": 0,
          "roll": 0
        },
        "box_size": {
          "x": 21.717152,
          "y": 23.509196213477463,
          "z": 11.822823606299817
        }
      },
      {
        "offset": {
          "x": -0.11556901125866867,
          "y": -16.13433425797262,
          "z": 65.87079661668865
        },
        "rotation": {
          "pitch": 0,
          "yaw": 0,
          "roll": -14.999999883804549
        },
        "box_size": {
          "x": 19.662016,
          "y": 3.788352,
          "z": 24.28211629752493
        }
      },
      {
        "offset": {
          "x": -0.11556899999991474,
          "y": 2.922660116421371,
          "z": 32.21920352414995
        },
        "rotation": {
          "pitch": 0,
          "yaw": 0,
          "roll": 0
        },
        "box_size": {
          "x": 22.11017917335522,
          "y": 17.709445377729477,
          "z": 10.266412146069467
        }
      }
    ],
    "effect_hitboxes": [],
    "building_base": {
      "rotation": {
        "x": 0,
        "y": 0,
        "z": 0,
        "w": 1
      },
      "translation": {
        "x": 0,
        "y": 0,
        "z": 0
      },
      "scale3_d": {
        "x": 1,
        "y": 1,
        "z": 1
      }
    },
    "construction_category_tag": "",
    "is_draggable": true,
    "drag_tier": 0,
    "drag_mass": 20,
    "friction": 0.699999988079071,
    "restitution": 0.30000001192092896,
    "drag_linear_damping": 5,
    "drag_angular_damping": 5,
    "drag_max_angular_velocity": 90,
    "release_linear_damping": 0.009999999776482582,
    "release_angular_damping": 0.05000000074505806,
    "display_name": "Chair",
    "description": "Seating furniture from the store.",
    "level": 1,
    "gameplay_tags": [
      "Entity.RandomGeneration.FurnitureCategory.DiningRoom",
      "Entity.RandomGeneration.FurnitureCategory.LivingRoom",
      "Entity.RandomGeneration.FurnitureCategory.Office",
      "Entity.RandomGeneration.FurnitureType.Chair",
      "Entity.RandomGeneration.Materials.Wood",
      "Tile.Biome.ShowFloor"
    ],
    "default_world_gen_gameplay_tags": [],
    "meta_tags": [],
    "is_pingable": false,
    "static_mesh": "/Game/Furniture/Chairs/Meshes/SM_Chair_H.SM_Chair_H",
    "casts_shadow": true,
    "collision_profile_name": {
      "name": "Furniture"
    },
    "random_material_overrides": [],
    "loot_positions": [],
    "weighted_chance": 1000,
    "world_gen_priority": 1000
  }
}
