{
  "id": "FD_ElectronMicroscope_Constructed_DF",
  "asset_path": "/Game/Furniture/ScientificDevices/Construction/FD_ElectronMicroscope_Constructed_DF",
  "class": "UDamageableFurnitureDefinition",
  "schema_version": 2,
  "properties": {
    "starting_health": 220,
    "furniture_armour": 2,
    "destructible_collection": "/Game/Furniture/ScientificDevices/GeometryCollections/GCS_ElectronMicroscope.GCS_ElectronMicroscope",
    "destruction_impulse_strength": 0,
    "loot_dropped_on_death": [],
    "deconstruction_tier": 0,
    "blocking_collision_boxes": [
      {
        "offset": {
          "x": -2.6130497074309105,
          "y": 41.89545257935583,
          "z": 109.95553506516075
        },
        "rotation": {
          "pitch": 0,
          "yaw": 0,
          "roll": 0
        },
        "box_size": {
          "x": 19.45729016574299,
          "y": 32,
          "z": 103.27450989110052
        }
      },
      {
        "offset": {
          "x": -2.613050003017046,
          "y": -6.677728742588776,
          "z": 97.67850764850907
        },
        "rotation": {
          "pitch": 0,
          "yaw": 0,
          "roll": 0
        },
        "box_size": {
          "x": 78.81781942888975,
          "y": 32,
          "z": 18.763673249372005
        }
      }
    ],
    "support_collision_boxes": [
      {
        "offset": {
          "x": 2.927470152982778e-06,
          "y": 44.794257139479406,
          "z": 134.50180136162194
        },
        "rotation": {
          "pitch": 0,
          "yaw": 0,
          "roll": 0
        },
        "box_size": {
          "x": 35.4326445387628,
          "y": 46.83813691808645,
          "z": 144.18626239189746
        }
      },
      {
        "offset": {
          "x": 2.9999999857891454e-06,
          "y": -4.408723707017831,
          "z": 106.84868154475019
        },
        "rotation": {
          "pitch": 0,
          "yaw": 0,
          "roll": 0
        },
        "box_size": {
          "x": 88.08232837238847,
          "y": 46.838144,
          "z": 26.686970864459994
        }
      }
    ],
    "effect_hitboxes": [],
    "building_base": {
      "rotation": {
        "x": 0,
        "y": 0,
        "z": 0,
        "w": 1
      },
      "translation": {
        "x": 0,
        "y": 0,
        "z": 0
      },
      "scale3_d": {
        "x": 1,
        "y": 1,
        "z": 1
      }
    },
    "construction_category_tag": "",
    "is_draggable": false,
    "drag_tier": 0,
    "drag_mass": 1,
    "friction": 0.699999988079071,
    "restitution": 0.30000001192092896,
    "drag_linear_damping": 5,
    "drag_angular_damping": 5,
    "drag_max_angular_velocity": 90,
    "release_linear_damping": 0.009999999776482582,
    "release_angular_damping": 0.05000000074505806,
    "display_name": "Electronic Microscope",
    "description": "Store furniture.",
    "level": 1,
    "gameplay_tags": [
      "Entity.RandomGeneration.FurnitureCategory.Office",
      "Entity.RandomGeneration.FurnitureCategory.ScienceLab",
      "Entity.RandomGeneration.FurnitureType.Scp.ScienceDevice",
      "Entity.RandomGeneration.Materials.Electronic",
      "Entity.RandomGeneration.Materials.Metal",
      "Entity.RandomGeneration.Size.Small",
      "Tile.Biome.SCPBase",
      "Tile.Biome.SCPBaseEntrance",
      "Tile.Biome.SCPBaseExit",
      "Tile.Biome.SCPBasePower"
    ],
    "default_world_gen_gameplay_tags": [],
    "meta_tags": [],
    "is_pingable": false,
    "static_mesh": "/Game/Furniture/ScientificDevices/Meshes/SM_ElectronMicroscope.SM_ElectronMicroscope",
    "casts_shadow": true,
    "collision_profile_name": {
      "name": "Furniture"
    },
    "random_material_overrides": [],
    "loot_positions": [],
    "weighted_chance": 1000,
    "world_gen_priority": 1000
  }
}
