{
  "id": "FD_PicnicTable_DF",
  "asset_path": "/Game/Furniture/Gardening/Furniture/FD_PicnicTable_DF",
  "class": "UDamageableFurnitureDefinition",
  "schema_version": 2,
  "properties": {
    "starting_health": 50,
    "furniture_armour": 1,
    "destructible_collection": "/Game/Furniture/Gardening/GeometryCollections/GCS_PicnicTableNew.GCS_PicnicTableNew",
    "destruction_impulse_strength": 0,
    "loot_dropped_on_death": [
      "LD_WoodenChairLoot"
    ],
    "constructable_item_to_grant": "ID_PicnicTable_CI",
    "deconstruction_tier": 0,
    "blocking_collision_boxes": [
      {
        "offset": {
          "x": -0.07261825165134338,
          "y": 0.5267799999992611,
          "z": 35.060171641358934
        },
        "rotation": {
          "pitch": 0,
          "yaw": 0,
          "roll": 0
        },
        "box_size": {
          "x": 37.93349980773354,
          "y": 37.5524937770443,
          "z": 24.649415938554768
        }
      }
    ],
    "support_collision_boxes": [
      {
        "offset": {
          "x": -0.07261800000073897,
          "y": -0.8285399929194569,
          "z": 34.23723252257711
        },
        "rotation": {
          "pitch": 0,
          "yaw": 0,
          "roll": 0
        },
        "box_size": {
          "x": 77.25641058387185,
          "y": 44.27481191062158,
          "z": 36.014969581066126
        }
      },
      {
        "offset": {
          "x": -0.07261739161100837,
          "y": -65.16536319312065,
          "z": 17.98164365381876
        },
        "rotation": {
          "pitch": 0,
          "yaw": 0,
          "roll": 0
        },
        "box_size": {
          "x": 77.256416,
          "y": 23.772912585273744,
          "z": 21.010180356033352
        }
      },
      {
        "offset": {
          "x": -0.07261699999991474,
          "y": 64.90073687587574,
          "z": 17.98164098356953
        },
        "rotation": {
          "pitch": 0,
          "yaw": 0,
          "roll": 0
        },
        "box_size": {
          "x": 77.256416,
          "y": 23.772928,
          "z": 21.010176
        }
      }
    ],
    "effect_hitboxes": [],
    "building_base": {
      "rotation": {
        "x": 0,
        "y": 0,
        "z": 0,
        "w": 1
      },
      "translation": {
        "x": 0,
        "y": 0,
        "z": 0
      },
      "scale3_d": {
        "x": 1,
        "y": 1,
        "z": 1
      }
    },
    "construction_category_tag": "",
    "upgrade_recipe": "RD_PicnicTable_CN",
    "is_draggable": true,
    "drag_tier": 1,
    "drag_mass": 1,
    "friction": 0.699999988079071,
    "restitution": 0.30000001192092896,
    "drag_linear_damping": 5,
    "drag_angular_damping": 5,
    "drag_max_angular_velocity": 90,
    "release_linear_damping": 0.009999999776482582,
    "release_angular_damping": 0.05000000074505806,
    "display_name": "Picnic Table",
    "description": "A table from the store floor.",
    "level": 1,
    "gameplay_tags": [
      "Entity.RandomGeneration.FurnitureCategory.Garden",
      "Entity.RandomGeneration.Materials.Wood",
      "Entity.RandomGeneration.Size.Large",
      "Tile.Biome.Gardening"
    ],
    "default_world_gen_gameplay_tags": [],
    "meta_tags": [],
    "is_pingable": false,
    "static_mesh": "/Game/Furniture/Gardening/Meshes/SM_PicnicTableNew.SM_PicnicTableNew",
    "casts_shadow": true,
    "collision_profile_name": {
      "name": "Furniture"
    },
    "random_material_overrides": [],
    "loot_positions": [],
    "weighted_chance": 1000,
    "world_gen_priority": 4000
  }
}
