{
  "id": "FD_ScientificDevice_DF",
  "asset_path": "/Game/Furniture/ScientificDevices/Furniture/FD_ScientificDevice_DF",
  "class": "UDamageableFurnitureDefinition",
  "schema_version": 2,
  "properties": {
    "starting_health": 73,
    "furniture_armour": 1,
    "destructible_collection": "/Game/Furniture/ScientificDevices/GeometryCollections/GCS_ScientificDevice01.GCS_ScientificDevice01",
    "destruction_impulse_strength": 0,
    "loot_dropped_on_death": [],
    "constructable_item_to_grant": "ID_ScientificDevice_CI",
    "deconstruction_tier": 0,
    "blocking_collision_boxes": [
      {
        "offset": {
          "x": 5.90713656738572e-07,
          "y": -2.0948722934122088e-07,
          "z": 135.71771140263095
        },
        "rotation": {
          "pitch": 0,
          "yaw": 0,
          "roll": 0
        },
        "box_size": {
          "x": 115.80513004072952,
          "y": 52.7866299790858,
          "z": 103.65601996266773
        }
      },
      {
        "offset": {
          "x": 211.1152029334158,
          "y": -1.9895196601282805e-13,
          "z": 14.428742292840553
        },
        "rotation": {
          "pitch": 0,
          "yaw": 0,
          "roll": 0
        },
        "box_size": {
          "x": 31.301188974956872,
          "y": 52.786624,
          "z": 9.412266993226822
        }
      }
    ],
    "support_collision_boxes": [
      {
        "offset": {
          "x": 2.0000000568434188e-06,
          "y": -0.6635258825267291,
          "z": 152.34551665022784
        },
        "rotation": {
          "pitch": 0,
          "yaw": 0,
          "roll": 0
        },
        "box_size": {
          "x": 184.19681192720412,
          "y": 93.9168659482441,
          "z": 166.07160546026802
        }
      },
      {
        "offset": {
          "x": 233.84719408597385,
          "y": -0.663527603608709,
          "z": 15.498617672985638
        },
        "rotation": {
          "pitch": 0,
          "yaw": 0,
          "roll": 0
        },
        "box_size": {
          "x": 50.051935589838024,
          "y": 93.916864,
          "z": 30.92836893207169
        }
      }
    ],
    "effect_hitboxes": [],
    "building_base": {
      "rotation": {
        "x": 0,
        "y": 0,
        "z": 0,
        "w": 1
      },
      "translation": {
        "x": 0,
        "y": 0,
        "z": 0
      },
      "scale3_d": {
        "x": 1,
        "y": 1,
        "z": 1
      }
    },
    "construction_category_tag": "",
    "upgrade_recipe": "RD_ScientificDevice_CN",
    "is_draggable": true,
    "drag_tier": 1,
    "drag_mass": 1,
    "friction": 0.699999988079071,
    "restitution": 0.30000001192092896,
    "drag_linear_damping": 5,
    "drag_angular_damping": 5,
    "drag_max_angular_velocity": 90,
    "release_linear_damping": 0.009999999776482582,
    "release_angular_damping": 0.05000000074505806,
    "display_name": "Scientific Device",
    "description": "Store furniture.",
    "level": 1,
    "gameplay_tags": [
      "Entity.RandomGeneration.CanBeRandom",
      "Entity.RandomGeneration.FurnitureCategory.ScienceLab",
      "Entity.RandomGeneration.FurnitureType.Scp.ScienceDevice",
      "Entity.RandomGeneration.FurnitureType.Scp.Server",
      "Entity.RandomGeneration.Materials.Glass",
      "Entity.RandomGeneration.Materials.Metal",
      "Entity.RandomGeneration.Size.Large",
      "Tile.Biome.SCPBase",
      "Tile.Biome.SCPBaseEntrance",
      "Tile.Biome.SCPBaseExit",
      "Tile.Biome.SCPBasePower"
    ],
    "default_world_gen_gameplay_tags": [],
    "meta_tags": [],
    "is_pingable": false,
    "static_mesh": "/Game/Furniture/ScientificDevices/Meshes/SM_ScientificDevice01.SM_ScientificDevice01",
    "casts_shadow": true,
    "collision_profile_name": {
      "name": "Furniture"
    },
    "random_material_overrides": [],
    "loot_positions": [],
    "weighted_chance": 1000,
    "world_gen_priority": 5000
  }
}
