{
  "id": "FD_ServingCounter_6_Constructed_DF",
  "asset_path": "/Game/Furniture/Serving/Construction/FD_ServingCounter_6_Constructed_DF",
  "class": "UDamageableFurnitureDefinition",
  "schema_version": 2,
  "properties": {
    "starting_health": 200,
    "furniture_armour": 3,
    "destructible_collection": "/Game/Furniture/Serving/GeometryCollections/GCS_31_Mesh_031.GCS_31_Mesh_031",
    "destruction_impulse_strength": 0,
    "loot_dropped_on_death": [
      "LD_ServingCounterLoot"
    ],
    "deconstruction_tier": 0,
    "blocking_collision_boxes": [
      {
        "offset": {
          "x": -1.155045,
          "y": -13.630679,
          "z": 40.397954
        },
        "rotation": {
          "pitch": 0,
          "yaw": 0,
          "roll": 0
        },
        "box_size": {
          "x": 66.90087532847214,
          "y": 18.351968,
          "z": 32
        }
      }
    ],
    "support_collision_boxes": [
      {
        "offset": {
          "x": 0.441385,
          "y": -11.310744,
          "z": 42.99497
        },
        "rotation": {
          "pitch": 0,
          "yaw": 0,
          "roll": 0
        },
        "box_size": {
          "x": 78.8207301496327,
          "y": 37.116128,
          "z": 45.207072
        }
      },
      {
        "offset": {
          "x": 0.441387,
          "y": 35.119565,
          "z": 79.097705
        },
        "rotation": {
          "pitch": 0,
          "yaw": 0,
          "roll": 0
        },
        "box_size": {
          "x": 78.59707305941582,
          "y": 11.811232,
          "z": 6.5712
        }
      },
      {
        "offset": {
          "x": 0.44138500000014214,
          "y": -17.256792607248578,
          "z": 115.28865257188656
        },
        "rotation": {
          "pitch": 0,
          "yaw": 0,
          "roll": 0
        },
        "box_size": {
          "x": 78.820736,
          "y": 28.477027602063004,
          "z": 27.881319481860217
        }
      },
      {
        "offset": {
          "x": 0.4413849999998579,
          "y": -22.91806982065617,
          "z": 159.44448931820764
        },
        "rotation": {
          "pitch": 0,
          "yaw": 0,
          "roll": 0
        },
        "box_size": {
          "x": 78.820736,
          "y": 23.312248696900696,
          "z": 17.671347873651506
        }
      }
    ],
    "effect_hitboxes": [],
    "building_base": {
      "rotation": {
        "x": 0,
        "y": 0,
        "z": 0,
        "w": 1
      },
      "translation": {
        "x": 0,
        "y": 0,
        "z": 0
      },
      "scale3_d": {
        "x": 1,
        "y": 1,
        "z": 1
      }
    },
    "construction_category_tag": "",
    "is_draggable": true,
    "drag_tier": 2,
    "drag_mass": 70,
    "friction": 0.699999988079071,
    "restitution": 0.30000001192092896,
    "drag_linear_damping": 5,
    "drag_angular_damping": 5,
    "drag_max_angular_velocity": 90,
    "release_linear_damping": 0.009999999776482582,
    "release_angular_damping": 0.05000000074505806,
    "display_name": "Counter",
    "description": "A store counter.",
    "level": 1,
    "gameplay_tags": [
      "Entity.RandomGeneration.FurnitureCategory.Cafeteria",
      "Entity.RandomGeneration.FurnitureType.Counter",
      "Entity.RandomGeneration.Materials.Metal",
      "Entity.RandomGeneration.Materials.Plastic",
      "Tile.Biome.Restaurant"
    ],
    "default_world_gen_gameplay_tags": [],
    "meta_tags": [],
    "is_pingable": false,
    "static_mesh": "/Game/Furniture/Serving/Meshes/SM_31_Mesh_031.SM_31_Mesh_031",
    "casts_shadow": true,
    "collision_profile_name": {
      "name": "Furniture"
    },
    "random_material_overrides": [],
    "loot_positions": [],
    "weighted_chance": 1000,
    "world_gen_priority": 1000
  }
}
