{
  "id": "FD_ScientificDevice_3_DF",
  "asset_path": "/Game/Furniture/ScientificDevices/Furniture/FD_ScientificDevice_3_DF",
  "class": "UDamageableFurnitureDefinition",
  "schema_version": 2,
  "properties": {
    "starting_health": 73,
    "furniture_armour": 1,
    "destructible_collection": "/Game/Furniture/ScientificDevices/GeometryCollections/GCS_ScientificDevice05.GCS_ScientificDevice05",
    "destruction_impulse_strength": 0,
    "loot_dropped_on_death": [],
    "constructable_item_to_grant": "ID_ScientificDevice_3_CI",
    "deconstruction_tier": 0,
    "blocking_collision_boxes": [
      {
        "offset": {
          "x": -2.61305,
          "y": -1.443129,
          "z": 172.054424
        },
        "rotation": {
          "pitch": 0,
          "yaw": 0,
          "roll": 0
        },
        "box_size": {
          "x": 161.29447124005486,
          "y": 172.55447028964977,
          "z": 154.75703948320222
        }
      }
    ],
    "support_collision_boxes": [
      {
        "offset": {
          "x": 2.996752494541008e-06,
          "y": -3.715565994374651,
          "z": 207.50857087510255
        },
        "rotation": {
          "pitch": 0,
          "yaw": 0,
          "roll": 0
        },
        "box_size": {
          "x": 139.835488,
          "y": 299.2599418542385,
          "z": 216.05044195050516
        }
      },
      {
        "offset": {
          "x": -21.25545316114328,
          "y": 11.16766388109237,
          "z": 207.50857087510244
        },
        "rotation": {
          "pitch": 0,
          "yaw": 54.99999957395004,
          "roll": 0
        },
        "box_size": {
          "x": 139.835488,
          "y": 325.170511739108,
          "z": 216.05044195050516
        }
      },
      {
        "offset": {
          "x": -4.095128909786298,
          "y": -6.079891418379247,
          "z": 207.50857087510255
        },
        "rotation": {
          "pitch": 0,
          "yaw": 119.9999990704368,
          "roll": 0
        },
        "box_size": {
          "x": 139.835488,
          "y": 308.8588888298378,
          "z": 216.05044195050516
        }
      },
      {
        "offset": {
          "x": -1.9539271938970318e-07,
          "y": 2.559559480579123e-07,
          "z": 471.6462751943209
        },
        "rotation": {
          "pitch": 0,
          "yaw": 119.999999,
          "roll": 0
        },
        "box_size": {
          "x": 139.835488,
          "y": 196.73586440454483,
          "z": 52.21594215339792
        }
      },
      {
        "offset": {
          "x": 0,
          "y": 0,
          "z": 471.646275
        },
        "rotation": {
          "pitch": 0,
          "yaw": 204.99999834155895,
          "roll": 0
        },
        "box_size": {
          "x": 139.835488,
          "y": 196.735872,
          "z": 52.215936
        }
      }
    ],
    "effect_hitboxes": [],
    "building_base": {
      "rotation": {
        "x": 0,
        "y": 0,
        "z": 0,
        "w": 1
      },
      "translation": {
        "x": 0,
        "y": 0,
        "z": 0
      },
      "scale3_d": {
        "x": 1,
        "y": 1,
        "z": 1
      }
    },
    "construction_category_tag": "",
    "upgrade_recipe": "RD_ScientificDevice_CN",
    "is_draggable": true,
    "drag_tier": 1,
    "drag_mass": 1,
    "friction": 0.699999988079071,
    "restitution": 0.30000001192092896,
    "drag_linear_damping": 5,
    "drag_angular_damping": 5,
    "drag_max_angular_velocity": 90,
    "release_linear_damping": 0.009999999776482582,
    "release_angular_damping": 0.05000000074505806,
    "display_name": "Chemical Container",
    "description": "Store furniture.",
    "level": 1,
    "gameplay_tags": [
      "Entity.RandomGeneration.CanBeRandom",
      "Entity.RandomGeneration.FurnitureCategory.ScienceLab",
      "Entity.RandomGeneration.FurnitureType.Scp.ScienceDevice",
      "Entity.RandomGeneration.Materials.Glass",
      "Entity.RandomGeneration.Materials.Metal",
      "Entity.RandomGeneration.Size.Large",
      "Tile.Biome.SCPBase",
      "Tile.Biome.SCPBaseEntrance",
      "Tile.Biome.SCPBaseExit",
      "Tile.Biome.SCPBasePower"
    ],
    "default_world_gen_gameplay_tags": [],
    "meta_tags": [],
    "is_pingable": false,
    "static_mesh": "/Game/Furniture/ScientificDevices/Meshes/SM_ScientificDevice05.SM_ScientificDevice05",
    "casts_shadow": true,
    "collision_profile_name": {
      "name": "Furniture"
    },
    "random_material_overrides": [],
    "loot_positions": [],
    "weighted_chance": 1000,
    "world_gen_priority": 5000
  }
}
