{
  "id": "FD_Sofa_5_Constructed_DF",
  "asset_path": "/Game/Furniture/Sofas/Construction/FD_Sofa_5_Constructed_DF",
  "class": "UDamageableFurnitureDefinition",
  "schema_version": 2,
  "properties": {
    "starting_health": 150,
    "furniture_armour": 3,
    "destructible_collection": "/Game/Furniture/Sofas/GeometryCollections/GCS_Kari_Sofa.GCS_Kari_Sofa",
    "destruction_impulse_strength": 0,
    "loot_dropped_on_death": [
      "LD_BigSofaLoot"
    ],
    "deconstruction_tier": 0,
    "blocking_collision_boxes": [
      {
        "offset": {
          "x": -1.0420263575051649e-06,
          "y": 0,
          "z": 34.35700303497629
        },
        "rotation": {
          "pitch": 0,
          "yaw": 0,
          "roll": 0
        },
        "box_size": {
          "x": 84.5984,
          "y": 31.020544,
          "z": 4.598816
        }
      }
    ],
    "support_collision_boxes": [
      {
        "offset": {
          "x": -91.84807589322243,
          "y": -13.334596925907825,
          "z": 49.821252232454405
        },
        "rotation": {
          "pitch": 0,
          "yaw": 0,
          "roll": 0
        },
        "box_size": {
          "x": 4.950648767892718,
          "y": 33.83941539679909,
          "z": 17.17794534535217
        }
      },
      {
        "offset": {
          "x": 0.283403,
          "y": -0.07566,
          "z": 23.199419
        },
        "rotation": {
          "pitch": 0,
          "yaw": 0,
          "roll": 0
        },
        "box_size": {
          "x": 95.381024,
          "y": 48.808384,
          "z": 25.215744
        }
      },
      {
        "offset": {
          "x": 91.07954204026419,
          "y": -13.334608605579387,
          "z": 49.82125199999986
        },
        "rotation": {
          "pitch": 0,
          "yaw": 0,
          "roll": 0
        },
        "box_size": {
          "x": 4.950656,
          "y": 33.839424,
          "z": 17.177952
        }
      },
      {
        "offset": {
          "x": 2.047766052859142,
          "y": -30.6311258609982,
          "z": 55.62863532123082
        },
        "rotation": {
          "pitch": 0,
          "yaw": 0,
          "roll": 0
        },
        "box_size": {
          "x": 97.3633736180482,
          "y": 16.555416599725724,
          "z": 12.379156240322114
        }
      }
    ],
    "effect_hitboxes": [],
    "building_base": {
      "rotation": {
        "x": 0,
        "y": 0,
        "z": 0,
        "w": 1
      },
      "translation": {
        "x": 0,
        "y": 0,
        "z": 0
      },
      "scale3_d": {
        "x": 1,
        "y": 1,
        "z": 1
      }
    },
    "construction_category_tag": "",
    "is_draggable": true,
    "drag_tier": 2,
    "drag_mass": 80,
    "friction": 0.699999988079071,
    "restitution": 0.30000001192092896,
    "drag_linear_damping": 5,
    "drag_angular_damping": 5,
    "drag_max_angular_velocity": 90,
    "release_linear_damping": 0.009999999776482582,
    "release_angular_damping": 0.05000000074505806,
    "display_name": "Sofa",
    "description": "Store furniture.",
    "level": 1,
    "gameplay_tags": [
      "Entity.RandomGeneration.FurnitureCategory.LivingRoom",
      "Entity.RandomGeneration.FurnitureType.Sofa",
      "Entity.RandomGeneration.Materials.Fabric",
      "Entity.RandomGeneration.Materials.Wood",
      "Entity.RandomGeneration.Size.Medium",
      "Tile.Biome.ShowFloor"
    ],
    "default_world_gen_gameplay_tags": [],
    "meta_tags": [],
    "is_pingable": false,
    "static_mesh": "/Game/Furniture/Sofas/Meshes/SM_Kari_Sofa.SM_Kari_Sofa",
    "casts_shadow": true,
    "collision_profile_name": {
      "name": "Furniture"
    },
    "random_material_overrides": [],
    "loot_positions": [],
    "weighted_chance": 1000,
    "world_gen_priority": 1000
  }
}
