{
  "id": "FD_Sofa_11_DF",
  "asset_path": "/Game/Furniture/Sofas/Furniture/FD_Sofa_11_DF",
  "class": "UDamageableFurnitureDefinition",
  "schema_version": 2,
  "properties": {
    "starting_health": 50,
    "furniture_armour": 2,
    "destructible_collection": "/Game/Furniture/Sofas/GeometryCollections/GCS_Prit_3P_Sofa.GCS_Prit_3P_Sofa",
    "destruction_impulse_strength": 0,
    "loot_dropped_on_death": [
      "LD_BigSofaLoot"
    ],
    "constructable_item_to_grant": "ID_Sofa_11_CI",
    "deconstruction_tier": 0,
    "blocking_collision_boxes": [
      {
        "offset": {
          "x": -1e-06,
          "y": 0,
          "z": 33.213366
        },
        "rotation": {
          "pitch": 0,
          "yaw": 0,
          "roll": 0
        },
        "box_size": {
          "x": 83.445152,
          "y": 31.020544,
          "z": 4.598816
        }
      }
    ],
    "support_collision_boxes": [
      {
        "offset": {
          "x": -0.07429500000005684,
          "y": -23.20018315028988,
          "z": 57.443403825273116
        },
        "rotation": {
          "pitch": 0,
          "yaw": 0,
          "roll": 0
        },
        "box_size": {
          "x": 95.009984,
          "y": 13.188704,
          "z": 15.572288
        }
      },
      {
        "offset": {
          "x": -0.5939769999999716,
          "y": -0.16093501174353353,
          "z": 26.986104936136243
        },
        "rotation": {
          "pitch": 0,
          "yaw": 0,
          "roll": 0
        },
        "box_size": {
          "x": 87.183584,
          "y": 37.24027331646347,
          "z": 28.571071978542328
        }
      },
      {
        "offset": {
          "x": 79.043792,
          "y": 0.554331,
          "z": 45.374502
        },
        "rotation": {
          "pitch": 0,
          "yaw": 0,
          "roll": 0
        },
        "box_size": {
          "x": 7.847648,
          "y": 40.44304,
          "z": 16.221312
        }
      },
      {
        "offset": {
          "x": -80.285904,
          "y": 2.8378294362125396,
          "z": 44.84754082241249
        },
        "rotation": {
          "pitch": 0,
          "yaw": 0,
          "roll": 0
        },
        "box_size": {
          "x": 7.527968,
          "y": 34.36304013589859,
          "z": 9.821312143051149
        }
      }
    ],
    "effect_hitboxes": [],
    "building_base": {
      "rotation": {
        "x": 0,
        "y": 0,
        "z": 0,
        "w": 1
      },
      "translation": {
        "x": 0,
        "y": 0,
        "z": 0
      },
      "scale3_d": {
        "x": 1,
        "y": 1,
        "z": 1
      }
    },
    "construction_category_tag": "",
    "upgrade_recipe": "RD_BigSofa_CN",
    "is_draggable": true,
    "drag_tier": 2,
    "drag_mass": 1,
    "friction": 0.699999988079071,
    "restitution": 0.30000001192092896,
    "drag_linear_damping": 5,
    "drag_angular_damping": 5,
    "drag_max_angular_velocity": 90,
    "release_linear_damping": 0.009999999776482582,
    "release_angular_damping": 0.05000000074505806,
    "display_name": "Sofa",
    "description": "Store furniture.",
    "level": 1,
    "gameplay_tags": [
      "Entity.RandomGeneration.CanBeRandom",
      "Entity.RandomGeneration.FurnitureCategory.LivingRoom",
      "Entity.RandomGeneration.FurnitureType.Sofa",
      "Entity.RandomGeneration.Materials.Fabric",
      "Entity.RandomGeneration.Materials.Wood",
      "Entity.RandomGeneration.Size.Medium",
      "Tile.Biome.ShowFloor"
    ],
    "default_world_gen_gameplay_tags": [],
    "meta_tags": [],
    "is_pingable": false,
    "static_mesh": "/Game/Furniture/Sofas/Meshes/SM_Prit_3P_Sofa.SM_Prit_3P_Sofa",
    "casts_shadow": true,
    "collision_profile_name": {
      "name": "Furniture"
    },
    "random_material_overrides": [],
    "loot_positions": [],
    "weighted_chance": 1000,
    "world_gen_priority": 6000
  }
}
