{
  "id": "FD_Sofa_3_Constructed_DF",
  "asset_path": "/Game/Furniture/Sofas/Construction/FD_Sofa_3_Constructed_DF",
  "class": "UDamageableFurnitureDefinition",
  "schema_version": 2,
  "properties": {
    "starting_health": 150,
    "furniture_armour": 3,
    "destructible_collection": "/Game/Furniture/Sofas/GeometryCollections/GCS_Ghst_Sofa.GCS_Ghst_Sofa",
    "destruction_impulse_strength": 0,
    "loot_dropped_on_death": [
      "LD_BigSofaLoot"
    ],
    "deconstruction_tier": 0,
    "blocking_collision_boxes": [
      {
        "offset": {
          "x": -9.811022668438909e-07,
          "y": -1.1500093499705599e-07,
          "z": 23.785487289598823
        },
        "rotation": {
          "pitch": 0,
          "yaw": 0,
          "roll": 0
        },
        "box_size": {
          "x": 106.6697076632309,
          "y": 37.283392,
          "z": 15.106004428205491
        }
      }
    ],
    "support_collision_boxes": [
      {
        "offset": {
          "x": 0.2834030240341791,
          "y": -0.07566,
          "z": 23.199419369629393
        },
        "rotation": {
          "pitch": 0,
          "yaw": 0,
          "roll": 0
        },
        "box_size": {
          "x": 119.72219610666275,
          "y": 48.80838711763191,
          "z": 25.215736754384935
        }
      },
      {
        "offset": {
          "x": 0.2834030171304109,
          "y": -37.99002104505484,
          "z": 53.215558961717484
        },
        "rotation": {
          "pitch": 0,
          "yaw": 0,
          "roll": 0
        },
        "box_size": {
          "x": 118.71793882129288,
          "y": 8.389876529644518,
          "z": 24.573152
        }
      },
      {
        "offset": {
          "x": -109.60664231522854,
          "y": 0.1659700627813443,
          "z": 53.21555903253602
        },
        "rotation": {
          "pitch": 0,
          "yaw": 0,
          "roll": 0
        },
        "box_size": {
          "x": 8.172829384006974,
          "y": 45.024076160300254,
          "z": 24.573152
        }
      }
    ],
    "effect_hitboxes": [],
    "building_base": {
      "rotation": {
        "x": 0,
        "y": 0,
        "z": 0,
        "w": 1
      },
      "translation": {
        "x": 0,
        "y": 0,
        "z": 0
      },
      "scale3_d": {
        "x": 1,
        "y": 1,
        "z": 1
      }
    },
    "construction_category_tag": "",
    "is_draggable": true,
    "drag_tier": 2,
    "drag_mass": 80,
    "friction": 0.699999988079071,
    "restitution": 0.30000001192092896,
    "drag_linear_damping": 5,
    "drag_angular_damping": 5,
    "drag_max_angular_velocity": 90,
    "release_linear_damping": 0.009999999776482582,
    "release_angular_damping": 0.05000000074505806,
    "display_name": "Sofa",
    "description": "Store furniture.",
    "level": 1,
    "gameplay_tags": [
      "Entity.RandomGeneration.FurnitureCategory.LivingRoom",
      "Entity.RandomGeneration.FurnitureType.Sofa",
      "Entity.RandomGeneration.Materials.Fabric",
      "Entity.RandomGeneration.Materials.Wood",
      "Entity.RandomGeneration.Size.Medium",
      "Tile.Biome.ShowFloor"
    ],
    "default_world_gen_gameplay_tags": [],
    "meta_tags": [],
    "is_pingable": false,
    "static_mesh": "/Game/Furniture/Sofas/Meshes/SM_Ghst_Sofa.SM_Ghst_Sofa",
    "casts_shadow": true,
    "collision_profile_name": {
      "name": "Furniture"
    },
    "random_material_overrides": [],
    "loot_positions": [],
    "weighted_chance": 1000,
    "world_gen_priority": 1000
  }
}
