{
  "id": "FD_Sofa_8_Constructed_DF",
  "asset_path": "/Game/Furniture/Sofas/Construction/FD_Sofa_8_Constructed_DF",
  "class": "UDamageableFurnitureDefinition",
  "schema_version": 2,
  "properties": {
    "starting_health": 150,
    "furniture_armour": 3,
    "destructible_collection": "/Game/Furniture/Sofas/GeometryCollections/GCS_Modern_Sofa2P.GCS_Modern_Sofa2P",
    "destruction_impulse_strength": 0,
    "loot_dropped_on_death": [
      "LD_BigSofaLoot"
    ],
    "deconstruction_tier": 0,
    "blocking_collision_boxes": [
      {
        "offset": {
          "x": -1e-06,
          "y": 0,
          "z": 33.213366
        },
        "rotation": {
          "pitch": 0,
          "yaw": 0,
          "roll": 0
        },
        "box_size": {
          "x": 92.73796588096882,
          "y": 31.020544,
          "z": 4.598816
        }
      }
    ],
    "support_collision_boxes": [
      {
        "offset": {
          "x": 0.2834030063800343,
          "y": -0.07566004461072934,
          "z": 23.405091470533456
        },
        "rotation": {
          "pitch": 0,
          "yaw": 0,
          "roll": 0
        },
        "box_size": {
          "x": 100.00096300667047,
          "y": 52.66261834393862,
          "z": 25.166846023555756
        }
      },
      {
        "offset": {
          "x": -83.60232435425175,
          "y": -0.07566009331795603,
          "z": 56.68751440234696
        },
        "rotation": {
          "pitch": 0,
          "yaw": 0,
          "roll": 0
        },
        "box_size": {
          "x": 15.820472115329736,
          "y": 52.662624,
          "z": 25.166848
        }
      },
      {
        "offset": {
          "x": 83.92825021322008,
          "y": -0.07566000000007106,
          "z": 56.687512545649945
        },
        "rotation": {
          "pitch": 0,
          "yaw": 0,
          "roll": 0
        },
        "box_size": {
          "x": 15.82048,
          "y": 52.662624,
          "z": 23.216346224630954
        }
      },
      {
        "offset": {
          "x": -0.07429520472136275,
          "y": -38.1953530936371,
          "z": 72.40060130450506
        },
        "rotation": {
          "pitch": 0,
          "yaw": 0,
          "roll": 0
        },
        "box_size": {
          "x": 95.00997416279793,
          "y": 11.586814666526557,
          "z": 16.855563666532518
        }
      }
    ],
    "effect_hitboxes": [],
    "building_base": {
      "rotation": {
        "x": 0,
        "y": 0,
        "z": 0,
        "w": 1
      },
      "translation": {
        "x": 0,
        "y": 0,
        "z": 0
      },
      "scale3_d": {
        "x": 1,
        "y": 1,
        "z": 1
      }
    },
    "construction_category_tag": "",
    "is_draggable": true,
    "drag_tier": 2,
    "drag_mass": 80,
    "friction": 0.699999988079071,
    "restitution": 0.30000001192092896,
    "drag_linear_damping": 5,
    "drag_angular_damping": 5,
    "drag_max_angular_velocity": 90,
    "release_linear_damping": 0.009999999776482582,
    "release_angular_damping": 0.05000000074505806,
    "display_name": "Sofa",
    "description": "Store furniture.",
    "level": 1,
    "gameplay_tags": [
      "Entity.RandomGeneration.FurnitureCategory.LivingRoom",
      "Entity.RandomGeneration.FurnitureType.Sofa",
      "Entity.RandomGeneration.Materials.Fabric",
      "Entity.RandomGeneration.Materials.Wood",
      "Entity.RandomGeneration.Size.Medium",
      "Tile.Biome.ShowFloor"
    ],
    "default_world_gen_gameplay_tags": [],
    "meta_tags": [],
    "is_pingable": false,
    "static_mesh": "/Game/Furniture/Sofas/Meshes/SM_Modern_Sofa2P.SM_Modern_Sofa2P",
    "casts_shadow": true,
    "collision_profile_name": {
      "name": "Furniture"
    },
    "random_material_overrides": [],
    "loot_positions": [],
    "weighted_chance": 1000,
    "world_gen_priority": 1000
  }
}
