{
  "id": "FD_Table_10_Constructed_DF",
  "asset_path": "/Game/Furniture/Tables/Construction/FD_Table_10_Constructed_DF",
  "class": "UDamageableFurnitureDefinition",
  "schema_version": 2,
  "properties": {
    "starting_health": 130,
    "furniture_armour": 2,
    "destructible_collection": "/Game/Furniture/Tables/GeometryCollections/GCS_Table02.GCS_Table02",
    "destruction_impulse_strength": 0,
    "loot_dropped_on_death": [
      "LD_WoodenTableLoot"
    ],
    "deconstruction_tier": 0,
    "blocking_collision_boxes": [],
    "support_collision_boxes": [
      {
        "offset": {
          "x": 68.41663660931832,
          "y": -51.828335547039444,
          "z": 43.932806
        },
        "rotation": {
          "pitch": 0,
          "yaw": 0,
          "roll": 0
        },
        "box_size": {
          "x": 35.488466346059326,
          "y": 50.927326674552916,
          "z": 56.003524055350056
        }
      },
      {
        "offset": {
          "x": -25.447060500304055,
          "y": -142.69216211787162,
          "z": 43.93280599999994
        },
        "rotation": {
          "pitch": 0,
          "yaw": 0,
          "roll": 0
        },
        "box_size": {
          "x": 49.76183861325264,
          "y": 34.91337853126812,
          "z": 56.00352
        }
      },
      {
        "offset": {
          "x": 26.81368802862196,
          "y": -65.84539676819566,
          "z": 43.932806000000056
        },
        "rotation": {
          "pitch": 0,
          "yaw": 19.999999845072885,
          "roll": 0
        },
        "box_size": {
          "x": 35.48848,
          "y": 55.4167308455019,
          "z": 56.00352
        }
      },
      {
        "offset": {
          "x": -7.104984455669779,
          "y": -97.65084870265451,
          "z": 43.932806
        },
        "rotation": {
          "pitch": 0,
          "yaw": 54.99999957395023,
          "roll": 0
        },
        "box_size": {
          "x": 41.055984271864894,
          "y": 50.927328,
          "z": 56.00352
        }
      }
    ],
    "effect_hitboxes": [],
    "building_base": {
      "rotation": {
        "x": 0,
        "y": 0,
        "z": 0,
        "w": 1
      },
      "translation": {
        "x": 0,
        "y": 0,
        "z": 0
      },
      "scale3_d": {
        "x": 1,
        "y": 1,
        "z": 1
      }
    },
    "construction_category_tag": "",
    "is_draggable": true,
    "drag_tier": 1,
    "drag_mass": 60,
    "friction": 0.699999988079071,
    "restitution": 0.30000001192092896,
    "drag_linear_damping": 5,
    "drag_angular_damping": 5,
    "drag_max_angular_velocity": 90,
    "release_linear_damping": 0.009999999776482582,
    "release_angular_damping": 0.05000000074505806,
    "display_name": "Table",
    "description": "A table from the store floor.",
    "level": 1,
    "gameplay_tags": [
      "Entity.RandomGeneration.FurnitureCategory.Office",
      "Entity.RandomGeneration.FurnitureCategory.ScienceLab",
      "Entity.RandomGeneration.FurnitureType.Table",
      "Entity.RandomGeneration.Materials.Wood",
      "Entity.RandomGeneration.Size.Large",
      "Tile.Biome.SCPBase"
    ],
    "default_world_gen_gameplay_tags": [],
    "meta_tags": [],
    "is_pingable": false,
    "static_mesh": "/Game/Furniture/Tables/Meshes/SM_Table02.SM_Table02",
    "casts_shadow": true,
    "collision_profile_name": {
      "name": "Furniture"
    },
    "random_material_overrides": [],
    "loot_positions": [],
    "weighted_chance": 1000,
    "world_gen_priority": 1000
  }
}
