{
  "id": "FD_WallShelf_DF",
  "asset_path": "/Game/Furniture/Shelves/Furniture/FD_WallShelf_DF",
  "class": "UDamageableFurnitureDefinition",
  "schema_version": 2,
  "properties": {
    "starting_health": 43,
    "furniture_armour": 1,
    "destructible_collection": "/Game/Furniture/Shelves/GeometryCollections/GCS_WhiteShelf.GCS_WhiteShelf",
    "destruction_impulse_strength": 0,
    "loot_dropped_on_death": [
      "LD_WoodenShelvesLoot"
    ],
    "constructable_item_to_grant": "ID_WallShelf_CI",
    "deconstruction_tier": 0,
    "blocking_collision_boxes": [
      {
        "offset": {
          "x": 4.158309252488834e-06,
          "y": 59.72028612159946,
          "z": -1.4392942190169862
        },
        "rotation": {
          "pitch": 0,
          "yaw": 0,
          "roll": 0
        },
        "box_size": {
          "x": 127.21350752751923,
          "y": 41.64364010269451,
          "z": 0.032
        }
      }
    ],
    "support_collision_boxes": [
      {
        "offset": {
          "x": 0,
          "y": 58.60261219739914,
          "z": -1.8224653601646423
        },
        "rotation": {
          "pitch": 0,
          "yaw": 0,
          "roll": 0
        },
        "box_size": {
          "x": 163.27737340362168,
          "y": 59.513087098777774,
          "z": 3.956706346038814
        }
      },
      {
        "offset": {
          "x": 0,
          "y": 43.99084566165161,
          "z": -8.502129611816407
        },
        "rotation": {
          "pitch": 0,
          "yaw": 0,
          "roll": 0
        },
        "box_size": {
          "x": 163.27737340362168,
          "y": 44.79308832901764,
          "z": 3.956704
        }
      },
      {
        "offset": {
          "x": 0,
          "y": 36.26748379258728,
          "z": -27.07994720161438
        },
        "rotation": {
          "pitch": 0,
          "yaw": 0,
          "roll": 0
        },
        "box_size": {
          "x": 163.27737340362168,
          "y": 36.79308817881393,
          "z": 15.156703749660494
        }
      },
      {
        "offset": {
          "x": 0,
          "y": 12.471178820404056,
          "z": -46.07524323985291
        },
        "rotation": {
          "pitch": 0,
          "yaw": 0,
          "roll": 0
        },
        "box_size": {
          "x": 165.19737336070634,
          "y": 12.473088543594358,
          "z": 5.236704221729278
        }
      }
    ],
    "effect_hitboxes": [],
    "building_base": {
      "rotation": {
        "x": 0,
        "y": 0,
        "z": 0,
        "w": 1
      },
      "translation": {
        "x": 0,
        "y": 0,
        "z": 0
      },
      "scale3_d": {
        "x": 1,
        "y": 1,
        "z": 1
      }
    },
    "construction_category_tag": "",
    "upgrade_recipe": "RD_WoodenShelves_CN",
    "is_draggable": true,
    "drag_tier": 1,
    "drag_mass": 1,
    "friction": 0.699999988079071,
    "restitution": 0.30000001192092896,
    "drag_linear_damping": 5,
    "drag_angular_damping": 5,
    "drag_max_angular_velocity": 90,
    "release_linear_damping": 0.009999999776482582,
    "release_angular_damping": 0.05000000074505806,
    "display_name": "Bookcase",
    "description": "Store furniture.",
    "level": 1,
    "gameplay_tags": [
      "Entity.RandomGeneration.CanBeRandom",
      "Entity.RandomGeneration.FurnitureCategory.LivingRoom",
      "Entity.RandomGeneration.FurnitureCategory.Office",
      "Entity.RandomGeneration.FurnitureType.Shelf.Wall",
      "Entity.RandomGeneration.Materials.Wood",
      "Entity.RandomGeneration.Size.Medium",
      "Tile.Biome.ShowFloor"
    ],
    "default_world_gen_gameplay_tags": [],
    "meta_tags": [],
    "is_pingable": false,
    "static_mesh": "/Game/Furniture/Shelves/Meshes/SM_WhiteShelf.SM_WhiteShelf",
    "casts_shadow": true,
    "collision_profile_name": {
      "name": "Furniture"
    },
    "random_material_overrides": [],
    "loot_positions": [],
    "weighted_chance": 1000,
    "world_gen_priority": 6000
  }
}
