{
  "id": "FD_Chair_5_DF",
  "asset_path": "/Game/Furniture/Chairs/Furniture/FD_Chair_5_DF",
  "class": "UDamageableFurnitureDefinition",
  "schema_version": 2,
  "properties": {
    "starting_health": 40,
    "furniture_armour": 1,
    "destructible_collection": "/Game/Furniture/Chairs/GeometryCollections/GCS_Armless_Chair_D04170.GCS_Armless_Chair_D04170",
    "destruction_impulse_strength": 0,
    "loot_dropped_on_death": [
      "LD_WoodenFabricChairLoot"
    ],
    "constructable_item_to_grant": "ID_Chair_5_CI",
    "deconstruction_tier": 0,
    "blocking_collision_boxes": [
      {
        "offset": {
          "x": 7.105427357601002e-15,
          "y": 3.183879148954044,
          "z": 23.364288212927818
        },
        "rotation": {
          "pitch": 0,
          "yaw": 0,
          "roll": 0
        },
        "box_size": {
          "x": 17.465722789907993,
          "y": 17.27632,
          "z": 17.563627173305036
        }
      }
    ],
    "support_collision_boxes": [
      {
        "offset": {
          "x": -0.11556900000002487,
          "y": -19.08661635174685,
          "z": 63.52034063513367
        },
        "rotation": {
          "pitch": 0,
          "yaw": 0,
          "roll": -15
        },
        "box_size": {
          "x": 20.73589531274247,
          "y": 3.765074868824005,
          "z": 19.02424667500937
        }
      },
      {
        "offset": {
          "x": 22.224193241309074,
          "y": 3.4071879548792277,
          "z": 47.20869817598635
        },
        "rotation": {
          "pitch": 0,
          "yaw": 0,
          "roll": 14.999999883804513
        },
        "box_size": {
          "x": 3.7616,
          "y": 20.776389074328897,
          "z": 8.697734237967968
        }
      },
      {
        "offset": {
          "x": -0.11556900000000711,
          "y": 3.1024572988469643,
          "z": 23.094940001464686
        },
        "rotation": {
          "pitch": 0,
          "yaw": 0,
          "roll": 0
        },
        "box_size": {
          "x": 23.63724951861763,
          "y": 23.486985886348723,
          "z": 24.4008
        }
      },
      {
        "offset": {
          "x": -22.617422852420717,
          "y": 3.407187845356997,
          "z": 47.20869804143639
        },
        "rotation": {
          "pitch": 0,
          "yaw": 0,
          "roll": 15
        },
        "box_size": {
          "x": 3.7616,
          "y": 20.776384,
          "z": 8.697728
        }
      }
    ],
    "effect_hitboxes": [],
    "building_base": {
      "rotation": {
        "x": 0,
        "y": 0,
        "z": 0,
        "w": 1
      },
      "translation": {
        "x": 0,
        "y": 0,
        "z": 0
      },
      "scale3_d": {
        "x": 1,
        "y": 1,
        "z": 1
      }
    },
    "construction_category_tag": "",
    "upgrade_recipe": "RD_PlasticChairs_CN",
    "is_draggable": true,
    "drag_tier": 0,
    "drag_mass": 1,
    "friction": 0.699999988079071,
    "restitution": 0.30000001192092896,
    "drag_linear_damping": 5,
    "drag_angular_damping": 5,
    "drag_max_angular_velocity": 90,
    "release_linear_damping": 0.009999999776482582,
    "release_angular_damping": 0.05000000074505806,
    "display_name": "Chair",
    "description": "Seating furniture from the store.",
    "level": 1,
    "gameplay_tags": [
      "Entity.RandomGeneration.CanBeRandom",
      "Entity.RandomGeneration.FurnitureCategory.LivingRoom",
      "Entity.RandomGeneration.FurnitureCategory.Office",
      "Entity.RandomGeneration.FurnitureType.Chair",
      "Entity.RandomGeneration.Materials.Fabric",
      "Entity.RandomGeneration.Materials.Wood",
      "Tile.Biome.SCPBase",
      "Tile.Biome.ShowFloor"
    ],
    "default_world_gen_gameplay_tags": [],
    "meta_tags": [],
    "is_pingable": false,
    "static_mesh": "/Game/Furniture/Chairs/Meshes/SM_Armless_Chair_D04170.SM_Armless_Chair_D04170",
    "casts_shadow": true,
    "collision_profile_name": {
      "name": "Furniture"
    },
    "random_material_overrides": [],
    "loot_positions": [],
    "weighted_chance": 1000,
    "world_gen_priority": 5000
  }
}
