{
  "id": "FD_Chair_4_Constructed_DF",
  "asset_path": "/Game/Furniture/Chairs/Construction/FD_Chair_4_Constructed_DF",
  "class": "UDamageableFurnitureDefinition",
  "schema_version": 2,
  "properties": {
    "starting_health": 120,
    "furniture_armour": 2,
    "destructible_collection": "/Game/Furniture/Chairs/GeometryCollections/GCS_Armchair_454.GCS_Armchair_454",
    "destruction_impulse_strength": 0,
    "loot_dropped_on_death": [
      "LD_WoodenFabricChairLoot"
    ],
    "deconstruction_tier": 0,
    "blocking_collision_boxes": [
      {
        "offset": {
          "x": 0,
          "y": 3.183879,
          "z": 24.659641
        },
        "rotation": {
          "pitch": 0,
          "yaw": 0,
          "roll": 0
        },
        "box_size": {
          "x": 20.034624,
          "y": 17.27632,
          "z": 15.285088
        }
      }
    ],
    "support_collision_boxes": [
      {
        "offset": {
          "x": -0.11556900000000711,
          "y": -17.38184297534925,
          "z": 63.97713347163125
        },
        "rotation": {
          "pitch": 0,
          "yaw": 0,
          "roll": -15
        },
        "box_size": {
          "x": 24.460448,
          "y": 6.35818399968338,
          "z": 18.43055516765499
        }
      },
      {
        "offset": {
          "x": -25.12194289215455,
          "y": -5.608720113287348,
          "z": 48.9683869767559
        },
        "rotation": {
          "pitch": 0,
          "yaw": 0,
          "roll": 0
        },
        "box_size": {
          "x": 3.7616,
          "y": 15.01664296146816,
          "z": 13.465624043106079
        }
      },
      {
        "offset": {
          "x": -0.115569,
          "y": 1.8076029905975604,
          "z": 24.100754939624977
        },
        "rotation": {
          "pitch": 0,
          "yaw": 0,
          "roll": 0
        },
        "box_size": {
          "x": 25.557184,
          "y": 28.286464,
          "z": 26.32474382506609
        }
      },
      {
        "offset": {
          "x": 25.481968973196942,
          "y": -5.608719999999929,
          "z": 48.96838686683553
        },
        "rotation": {
          "pitch": 0,
          "yaw": 0,
          "roll": 0
        },
        "box_size": {
          "x": 3.7616,
          "y": 15.01664,
          "z": 13.465632
        }
      }
    ],
    "effect_hitboxes": [],
    "building_base": {
      "rotation": {
        "x": 0,
        "y": 0,
        "z": 0,
        "w": 1
      },
      "translation": {
        "x": 0,
        "y": 0,
        "z": 0
      },
      "scale3_d": {
        "x": 1,
        "y": 1,
        "z": 1
      }
    },
    "construction_category_tag": "",
    "is_draggable": true,
    "drag_tier": 0,
    "drag_mass": 20,
    "friction": 0.699999988079071,
    "restitution": 0.30000001192092896,
    "drag_linear_damping": 5,
    "drag_angular_damping": 5,
    "drag_max_angular_velocity": 90,
    "release_linear_damping": 0.009999999776482582,
    "release_angular_damping": 0.05000000074505806,
    "display_name": "Chair",
    "description": "Seating furniture from the store.",
    "level": 1,
    "gameplay_tags": [
      "Entity.RandomGeneration.FurnitureCategory.DiningRoom",
      "Entity.RandomGeneration.FurnitureCategory.LivingRoom",
      "Entity.RandomGeneration.FurnitureCategory.Office",
      "Entity.RandomGeneration.FurnitureType.Chair",
      "Entity.RandomGeneration.Materials.Fabric",
      "Entity.RandomGeneration.Materials.Wood",
      "Tile.Biome.ShowFloor"
    ],
    "default_world_gen_gameplay_tags": [],
    "meta_tags": [],
    "is_pingable": false,
    "static_mesh": "/Game/Furniture/Chairs/Meshes/SM_Armchair_454.SM_Armchair_454",
    "casts_shadow": true,
    "collision_profile_name": {
      "name": "Furniture"
    },
    "random_material_overrides": [],
    "loot_positions": [],
    "weighted_chance": 1000,
    "world_gen_priority": 1000
  }
}
