{
  "id": "FD_Forklift_DF",
  "asset_path": "/Game/Furniture/Vehicles/Furniture/FD_Forklift_DF",
  "class": "UDamageableFurnitureDefinition",
  "schema_version": 2,
  "properties": {
    "starting_health": 73,
    "furniture_armour": 2,
    "destructible_collection": "/Game/Furniture/Vehicles/GeometryCollections/GCS_ForkLift03.GCS_ForkLift03",
    "destruction_impulse_strength": 0,
    "loot_dropped_on_death": [
      "LD_ForkliftLoot"
    ],
    "constructable_item_to_grant": "ID_Forklift_CI",
    "deconstruction_tier": 0,
    "blocking_collision_boxes": [
      {
        "offset": {
          "x": -1.137061316184817,
          "y": 0.438585,
          "z": 116.16271367908206
        },
        "rotation": {
          "pitch": 0,
          "yaw": 0,
          "roll": 0
        },
        "box_size": {
          "x": 63.961248,
          "y": 35.977048892378804,
          "z": 66.58009308669757
        }
      }
    ],
    "support_collision_boxes": [
      {
        "offset": {
          "x": 9.599330376495537,
          "y": 1.7627441657132104,
          "z": 105.80989210150629
        },
        "rotation": {
          "pitch": 0,
          "yaw": 0,
          "roll": 0
        },
        "box_size": {
          "x": 74.820096,
          "y": 69.78090658610154,
          "z": 113.96805830549556
        }
      },
      {
        "offset": {
          "x": 106.38443586888006,
          "y": 1.762744,
          "z": 46.32186918875842
        },
        "rotation": {
          "pitch": 0,
          "yaw": 0,
          "roll": 0
        },
        "box_size": {
          "x": 34.943768932386405,
          "y": 65.25060295536584,
          "z": 48.57011269508743
        }
      },
      {
        "offset": {
          "x": -150.3031613328976,
          "y": 1.7627439985206643,
          "z": 6.924943111446879
        },
        "rotation": {
          "pitch": 0,
          "yaw": 0,
          "roll": 0
        },
        "box_size": {
          "x": 39.42634649918175,
          "y": 28.40100674252939,
          "z": 7.59196568537903
        }
      },
      {
        "offset": {
          "x": -89.04313233805098,
          "y": 1.7627439999993748,
          "z": 125.75680235155497
        },
        "rotation": {
          "pitch": 0,
          "yaw": 0,
          "roll": 0
        },
        "box_size": {
          "x": 25.49011078746534,
          "y": 69.780896,
          "z": 136.99065308748627
        }
      }
    ],
    "effect_hitboxes": [],
    "building_base": {
      "rotation": {
        "x": 0,
        "y": 0,
        "z": 0,
        "w": 1
      },
      "translation": {
        "x": 0,
        "y": 0,
        "z": 0
      },
      "scale3_d": {
        "x": 1,
        "y": 1,
        "z": 1
      }
    },
    "construction_category_tag": "",
    "upgrade_recipe": "RD_Forklift_CN",
    "is_draggable": false,
    "drag_tier": 0,
    "drag_mass": 1,
    "friction": 0.699999988079071,
    "restitution": 0.30000001192092896,
    "drag_linear_damping": 5,
    "drag_angular_damping": 5,
    "drag_max_angular_velocity": 90,
    "release_linear_damping": 0.009999999776482582,
    "release_angular_damping": 0.05000000074505806,
    "display_name": "Forklift",
    "description": "Store furniture.",
    "level": 1,
    "gameplay_tags": [],
    "default_world_gen_gameplay_tags": [],
    "meta_tags": [],
    "is_pingable": false,
    "static_mesh": "/Game/Furniture/Vehicles/Meshes/SM_ForkLift03.SM_ForkLift03",
    "casts_shadow": true,
    "collision_profile_name": {
      "name": "Furniture"
    },
    "random_material_overrides": [],
    "loot_positions": [],
    "weighted_chance": 1000,
    "world_gen_priority": 5000
  }
}
