{
  "id": "FD_KidsPlasticChair2_Constructed_DF",
  "asset_path": "/Game/Furniture/Kids/Construction/FD_KidsPlasticChair2_Constructed_DF",
  "class": "UDamageableFurnitureDefinition",
  "schema_version": 2,
  "properties": {
    "starting_health": 90,
    "furniture_armour": 1,
    "destructible_collection": "/Game/Furniture/Kids/GeometryCollections/GCS_puf.GCS_puf",
    "destruction_impulse_strength": 0,
    "loot_dropped_on_death": [
      "LD_ChairPlasticLoot"
    ],
    "deconstruction_tier": 0,
    "blocking_collision_boxes": [
      {
        "offset": {
          "x": -12.963512385056646,
          "y": 7.105427357601002e-15,
          "z": 18.35808484795944
        },
        "rotation": {
          "pitch": 0,
          "yaw": 0,
          "roll": 0
        },
        "box_size": {
          "x": 27.274126066704753,
          "y": 18.10080274254036,
          "z": 9.228399966441154
        }
      },
      {
        "offset": {
          "x": 11.350434459090744,
          "y": 5.400124791776761e-13,
          "z": 35.950968860599936
        },
        "rotation": {
          "pitch": 0,
          "yaw": 0,
          "roll": 0
        },
        "box_size": {
          "x": 9.683165117036818,
          "y": 18.1008,
          "z": 28.461185616191862
        }
      }
    ],
    "support_collision_boxes": [
      {
        "offset": {
          "x": -18.515336751553534,
          "y": 1.4491905453439813e-09,
          "z": 20.15420199717027
        },
        "rotation": {
          "pitch": 0,
          "yaw": 0,
          "roll": 0
        },
        "box_size": {
          "x": 48.78359289722722,
          "y": 43.04277843991661,
          "z": 22.445151636495588
        }
      },
      {
        "offset": {
          "x": 13.977770756497451,
          "y": -1.0658141036401503e-13,
          "z": 59.42369606024994
        },
        "rotation": {
          "pitch": 0,
          "yaw": 0,
          "roll": 0
        },
        "box_size": {
          "x": 16.069605701991556,
          "y": 43.042784,
          "z": 22.445152
        }
      }
    ],
    "effect_hitboxes": [],
    "building_base": {
      "rotation": {
        "x": 0,
        "y": 0,
        "z": 0,
        "w": 1
      },
      "translation": {
        "x": 0,
        "y": 0,
        "z": 0
      },
      "scale3_d": {
        "x": 1,
        "y": 1,
        "z": 1
      }
    },
    "construction_category_tag": "",
    "is_draggable": true,
    "drag_tier": 0,
    "drag_mass": 15,
    "friction": 0.699999988079071,
    "restitution": 0.30000001192092896,
    "drag_linear_damping": 5,
    "drag_angular_damping": 5,
    "drag_max_angular_velocity": 90,
    "release_linear_damping": 0.009999999776482582,
    "release_angular_damping": 0.05000000074505806,
    "display_name": "Kids Chair",
    "description": "Seating furniture from the store.",
    "level": 1,
    "gameplay_tags": [
      "Entity.RandomGeneration.FurnitureCategory.Bedroom",
      "Entity.RandomGeneration.FurnitureType.Chair",
      "Entity.RandomGeneration.Materials.Fabric",
      "Tile.Biome.Kids"
    ],
    "default_world_gen_gameplay_tags": [],
    "meta_tags": [],
    "is_pingable": false,
    "static_mesh": "/Game/Furniture/Kids/Meshes/SM_puf.SM_puf",
    "casts_shadow": true,
    "collision_profile_name": {
      "name": "Furniture"
    },
    "random_material_overrides": [],
    "loot_positions": [],
    "weighted_chance": 1000,
    "world_gen_priority": 1000
  }
}
