{
  "id": "FD_ScientificDevice_2_DF",
  "asset_path": "/Game/Furniture/ScientificDevices/Furniture/FD_ScientificDevice_2_DF",
  "class": "UDamageableFurnitureDefinition",
  "schema_version": 2,
  "properties": {
    "starting_health": 73,
    "furniture_armour": 1,
    "destructible_collection": "/Game/Furniture/ScientificDevices/GeometryCollections/GCS_ScientificDevice04.GCS_ScientificDevice04",
    "destruction_impulse_strength": 0,
    "loot_dropped_on_death": [],
    "constructable_item_to_grant": "ID_ScientificDevice_2_CI",
    "deconstruction_tier": 0,
    "blocking_collision_boxes": [
      {
        "offset": {
          "x": -2.61305,
          "y": -1.4431293744576135,
          "z": 172.05442392166293
        },
        "rotation": {
          "pitch": 0,
          "yaw": 0,
          "roll": 0
        },
        "box_size": {
          "x": 90.8695792235527,
          "y": 98.7760273230648,
          "z": 131.96481778318307
        }
      }
    ],
    "support_collision_boxes": [
      {
        "offset": {
          "x": 6.945238364449704,
          "y": -3.7155649999998293,
          "z": 43.80332908635813
        },
        "rotation": {
          "pitch": 0,
          "yaw": 0,
          "roll": 0
        },
        "box_size": {
          "x": 47.16071859071302,
          "y": 217.93604297174454,
          "z": 59.18302546841431
        }
      },
      {
        "offset": {
          "x": 3e-06,
          "y": -3.7155661432682816,
          "z": 220.3288792566211
        },
        "rotation": {
          "pitch": 0,
          "yaw": 0,
          "roll": 0
        },
        "box_size": {
          "x": 139.83550079485178,
          "y": 166.496,
          "z": 133.59371109564793
        }
      },
      {
        "offset": {
          "x": 6.945236917135674,
          "y": 0.5190602494793506,
          "z": 43.80332876528328
        },
        "rotation": {
          "pitch": 0,
          "yaw": 0,
          "roll": 0
        },
        "box_size": {
          "x": 227.95030076623345,
          "y": 41.62209019344522,
          "z": 59.18302546841431
        }
      },
      {
        "offset": {
          "x": 6.9452379960103565,
          "y": 0.5190599999989086,
          "z": 44.84546939550273
        },
        "rotation": {
          "pitch": 0,
          "yaw": -7.460698725481052e-14,
          "roll": 0
        },
        "box_size": {
          "x": 177.52511925558977,
          "y": 176.80705073650358,
          "z": 51.29184096520174
        }
      }
    ],
    "effect_hitboxes": [],
    "building_base": {
      "rotation": {
        "x": 0,
        "y": 0,
        "z": 0,
        "w": 1
      },
      "translation": {
        "x": 0,
        "y": 0,
        "z": 0
      },
      "scale3_d": {
        "x": 1,
        "y": 1,
        "z": 1
      }
    },
    "construction_category_tag": "",
    "upgrade_recipe": "RD_ScientificDevice_CN",
    "is_draggable": true,
    "drag_tier": 1,
    "drag_mass": 1,
    "friction": 0.699999988079071,
    "restitution": 0.30000001192092896,
    "drag_linear_damping": 5,
    "drag_angular_damping": 5,
    "drag_max_angular_velocity": 90,
    "release_linear_damping": 0.009999999776482582,
    "release_angular_damping": 0.05000000074505806,
    "display_name": "Power Generator",
    "description": "Store furniture.",
    "level": 1,
    "gameplay_tags": [
      "Entity.RandomGeneration.CanBeRandom",
      "Entity.RandomGeneration.FurnitureCategory.ScienceLab",
      "Entity.RandomGeneration.FurnitureType.Scp.ScienceDevice",
      "Entity.RandomGeneration.Materials.Glass",
      "Entity.RandomGeneration.Materials.Metal",
      "Entity.RandomGeneration.Size.Large",
      "Tile.Biome.SCPBase",
      "Tile.Biome.SCPBaseEntrance",
      "Tile.Biome.SCPBaseExit",
      "Tile.Biome.SCPBasePower"
    ],
    "default_world_gen_gameplay_tags": [],
    "meta_tags": [],
    "is_pingable": false,
    "static_mesh": "/Game/Furniture/ScientificDevices/Meshes/SM_ScientificDevice04.SM_ScientificDevice04",
    "casts_shadow": true,
    "collision_profile_name": {
      "name": "Furniture"
    },
    "random_material_overrides": [],
    "loot_positions": [],
    "weighted_chance": 1000,
    "world_gen_priority": 5000
  }
}
