{
  "id": "FD_Sofa_4_DF",
  "asset_path": "/Game/Furniture/Sofas/Furniture/FD_Sofa_4_DF",
  "class": "UDamageableFurnitureDefinition",
  "schema_version": 2,
  "properties": {
    "starting_health": 50,
    "furniture_armour": 2,
    "destructible_collection": "/Game/Furniture/Sofas/GeometryCollections/GCS_Kama_sofa_2seat.GCS_Kama_sofa_2seat",
    "destruction_impulse_strength": 0,
    "loot_dropped_on_death": [
      "LD_BigSofaLoot"
    ],
    "constructable_item_to_grant": "ID_Sofa_4_CI",
    "deconstruction_tier": 0,
    "blocking_collision_boxes": [
      {
        "offset": {
          "x": -8.687607833947055e-07,
          "y": -1.6421290993662296e-07,
          "z": 28.03117142789447
        },
        "rotation": {
          "pitch": 0,
          "yaw": 0,
          "roll": 0
        },
        "box_size": {
          "x": 84.59840115584946,
          "y": 31.020537215272903,
          "z": 4.598828991142273
        }
      }
    ],
    "support_collision_boxes": [
      {
        "offset": {
          "x": 0.283403,
          "y": -0.07566,
          "z": 23.199419
        },
        "rotation": {
          "pitch": 0,
          "yaw": 0,
          "roll": 0
        },
        "box_size": {
          "x": 95.38100970464515,
          "y": 48.808384,
          "z": 25.215744
        }
      },
      {
        "offset": {
          "x": 0.283403100198527,
          "y": -37.990021,
          "z": 61.38361724438853
        },
        "rotation": {
          "pitch": 0,
          "yaw": 0,
          "roll": 0
        },
        "box_size": {
          "x": 99.04183499703598,
          "y": 14.83203252896267,
          "z": 24.573152
        }
      },
      {
        "offset": {
          "x": -86.29950495189354,
          "y": 0.16597002476676997,
          "z": 50.0760206999823
        },
        "rotation": {
          "pitch": 0,
          "yaw": 0,
          "roll": 0
        },
        "box_size": {
          "x": 14.20350672577095,
          "y": 45.024064,
          "z": 21.326856485483468
        }
      },
      {
        "offset": {
          "x": 84.46732686486332,
          "y": 0.16597000000002843,
          "z": 50.076023780270035
        },
        "rotation": {
          "pitch": 0,
          "yaw": 0,
          "roll": 0
        },
        "box_size": {
          "x": 14.20352,
          "y": 45.024064,
          "z": 21.326848
        }
      }
    ],
    "effect_hitboxes": [],
    "building_base": {
      "rotation": {
        "x": 0,
        "y": 0,
        "z": 0,
        "w": 1
      },
      "translation": {
        "x": 0,
        "y": 0,
        "z": 0
      },
      "scale3_d": {
        "x": 1,
        "y": 1,
        "z": 1
      }
    },
    "construction_category_tag": "",
    "upgrade_recipe": "RD_BigSofa_CN",
    "is_draggable": true,
    "drag_tier": 2,
    "drag_mass": 1,
    "friction": 0.699999988079071,
    "restitution": 0.30000001192092896,
    "drag_linear_damping": 5,
    "drag_angular_damping": 5,
    "drag_max_angular_velocity": 90,
    "release_linear_damping": 0.009999999776482582,
    "release_angular_damping": 0.05000000074505806,
    "display_name": "Sofa",
    "description": "Store furniture.",
    "level": 1,
    "gameplay_tags": [
      "Entity.RandomGeneration.CanBeRandom",
      "Entity.RandomGeneration.FurnitureCategory.LivingRoom",
      "Entity.RandomGeneration.FurnitureType.Sofa",
      "Entity.RandomGeneration.Materials.Fabric",
      "Entity.RandomGeneration.Materials.Wood",
      "Entity.RandomGeneration.Size.Medium",
      "Tile.Biome.ShowFloor"
    ],
    "default_world_gen_gameplay_tags": [],
    "meta_tags": [],
    "is_pingable": false,
    "static_mesh": "/Game/Furniture/Sofas/Meshes/SM_Kama_sofa_2seat.SM_Kama_sofa_2seat",
    "casts_shadow": true,
    "collision_profile_name": {
      "name": "Furniture"
    },
    "random_material_overrides": [],
    "loot_positions": [],
    "weighted_chance": 1000,
    "world_gen_priority": 6000
  }
}
