{
  "id": "FD_Table_11_DF",
  "asset_path": "/Game/Furniture/Tables/Furniture/FD_Table_11_DF",
  "class": "UDamageableFurnitureDefinition",
  "schema_version": 2,
  "properties": {
    "starting_health": 43,
    "furniture_armour": 2,
    "destructible_collection": "/Game/Furniture/Tables/GeometryCollections/GCS_Table04.GCS_Table04",
    "destruction_impulse_strength": 0,
    "loot_dropped_on_death": [
      "LD_WoodAndMetalTableLoot"
    ],
    "constructable_item_to_grant": "ID_Table_11_CI",
    "deconstruction_tier": 0,
    "blocking_collision_boxes": [
      {
        "offset": {
          "x": 7.216450476077441e-07,
          "y": -49.68723524536841,
          "z": 109.75791785974911
        },
        "rotation": {
          "pitch": 0,
          "yaw": 0,
          "roll": 0
        },
        "box_size": {
          "x": 82.45562942521198,
          "y": 32,
          "z": 0.04021737067910195
        }
      }
    ],
    "support_collision_boxes": [
      {
        "offset": {
          "x": -0.22620138542744073,
          "y": -11.714100074213356,
          "z": 57.727957293705956
        },
        "rotation": {
          "pitch": 0,
          "yaw": 0,
          "roll": 0
        },
        "box_size": {
          "x": 97.13776980650329,
          "y": 5.355221625638961,
          "z": 55.657800707240106
        }
      },
      {
        "offset": {
          "x": -92.89333154402607,
          "y": -50.209662995266065,
          "z": 57.727958584659646
        },
        "rotation": {
          "pitch": 0,
          "yaw": 0,
          "roll": 0
        },
        "box_size": {
          "x": 6.564872251520157,
          "y": 50.250649239516974,
          "z": 55.657792
        }
      },
      {
        "offset": {
          "x": 90.52152925037242,
          "y": -50.209662999999914,
          "z": 57.72795796020082
        },
        "rotation": {
          "pitch": 0,
          "yaw": 0,
          "roll": 0
        },
        "box_size": {
          "x": 6.564864,
          "y": 50.250656,
          "z": 55.657792
        }
      },
      {
        "offset": {
          "x": 0.324388686862342,
          "y": -50.2096629999999,
          "z": 106.46918585813445
        },
        "rotation": {
          "pitch": 0,
          "yaw": 0,
          "roll": 0
        },
        "box_size": {
          "x": 94.75024805001163,
          "y": 50.250656,
          "z": 8.04347413582039
        }
      }
    ],
    "effect_hitboxes": [],
    "building_base": {
      "rotation": {
        "x": 0,
        "y": 0,
        "z": 0,
        "w": 1
      },
      "translation": {
        "x": 0,
        "y": 0,
        "z": 0
      },
      "scale3_d": {
        "x": 1,
        "y": 1,
        "z": 1
      }
    },
    "construction_category_tag": "",
    "upgrade_recipe": "RD_WoodenTable_CN",
    "is_draggable": true,
    "drag_tier": 1,
    "drag_mass": 1,
    "friction": 0.699999988079071,
    "restitution": 0.30000001192092896,
    "drag_linear_damping": 5,
    "drag_angular_damping": 5,
    "drag_max_angular_velocity": 90,
    "release_linear_damping": 0.009999999776482582,
    "release_angular_damping": 0.05000000074505806,
    "display_name": "Table",
    "description": "A table from the store floor.",
    "level": 1,
    "gameplay_tags": [
      "Entity.RandomGeneration.CanBeRandom",
      "Entity.RandomGeneration.FurnitureCategory.Office",
      "Entity.RandomGeneration.FurnitureCategory.ScienceLab",
      "Entity.RandomGeneration.FurnitureType.Table",
      "Entity.RandomGeneration.Materials.Wood",
      "Entity.RandomGeneration.Size.Large",
      "Tile.Biome.SCPBase"
    ],
    "default_world_gen_gameplay_tags": [],
    "meta_tags": [],
    "is_pingable": false,
    "static_mesh": "/Game/Furniture/Tables/Meshes/SM_Table04.SM_Table04",
    "casts_shadow": true,
    "collision_profile_name": {
      "name": "Furniture"
    },
    "random_material_overrides": [],
    "loot_positions": [],
    "weighted_chance": 1000,
    "world_gen_priority": 6000
  }
}
