{
  "id": "FD_Elevator_EV",
  "asset_path": "/Game/Furniture/Elevators/Furniture/FD_Elevator_EV",
  "class": "UElevatorDefinition",
  "schema_version": 2,
  "properties": {
    "floor_offset": {
      "x": 1000.0,
      "y": 0.0,
      "z": 0.0
    },
    "left_door_closed_transform": {
      "rotation": {
        "x": 0.0,
        "y": 0.0,
        "z": 0.0,
        "w": 1.0
      },
      "translation": {
        "x": -69.47121816067943,
        "y": 129.8271629051397,
        "z": 5.0937941864503955e-08
      },
      "scale3_d": {
        "x": 1.0299999713897705,
        "y": 1.0299999713897705,
        "z": 1.0299999713897705
      }
    },
    "right_door_closed_transform": {
      "rotation": {
        "x": 0.0,
        "y": 0.0,
        "z": 0.0,
        "w": 1.0
      },
      "translation": {
        "x": 2.940581173321605,
        "y": 128.42947969643762,
        "z": 1.4867396203044336e-10
      },
      "scale3_d": {
        "x": 1.0299999713897705,
        "y": 1.0299999713897705,
        "z": 1.0299999713897705
      }
    },
    "left_door_open_offset": {
      "x": -100.0,
      "y": 0.0,
      "z": 0.0
    },
    "right_door_open_offset": {
      "x": 100.0,
      "y": 0.0,
      "z": 0.0
    },
    "doorway_volume_transform": {
      "rotation": {
        "x": 0.0,
        "y": 0.0,
        "z": 0.0,
        "w": 1.0
      },
      "translation": {
        "x": 6.732080497506843e-07,
        "y": 116.89832708914346,
        "z": 119.56475532806456
      },
      "scale3_d": {
        "x": 1.0,
        "y": 1.0,
        "z": 1.0
      }
    },
    "doorway_volume_extent": {
      "x": 70.0,
      "y": 15.0,
      "z": 115.0
    },
    "interior_volume_transform": {
      "rotation": {
        "x": 0.0,
        "y": 0.0,
        "z": 0.0,
        "w": 1.0
      },
      "translation": {
        "x": 1.330311712344212e-06,
        "y": -5.938163252244941,
        "z": 130.74697583104052
      },
      "scale3_d": {
        "x": 1.0,
        "y": 1.0,
        "z": 1.0
      }
    },
    "interior_volume_extent": {
      "x": 115.0,
      "y": 110.0,
      "z": 130.0
    },
    "call_sound": "/Game/Characters/Enemies/Janitor/Animations/Audio/Wavs/Gore_Slime_Creature_Meat_Blood_Medium_Movement_Various09.Gore_Slime_Creature_Meat_Blood_Medium_Movement_Various09",
    "blocked_sound": "/Game/Fab/HandDrawingDemo/Demo/Bot/Sounds/S_step_01.S_step_01",
    "door_open_sound": "/Game/Fab/HandDrawingDemo/Demo/Bot/Sounds/S_step_07.S_step_07",
    "moving_sound": "/Game/Characters/Enemies/Janitor/Animations/Audio/Wavs/Pressing_Down_Sizzling_Burger.Pressing_Down_Sizzling_Burger",
    "arrived_sound": "/Game/Shared/Audio/Wavs/Footsteps/Concrete/SW_Concrete_Walk_05.SW_Concrete_Walk_05",
    "cab_mesh": "/Game/Fab/Office80s/Models/Walls/SM_Elevator.SM_Elevator",
    "door_mesh": "/Game/Fab/Office80s/Models/Walls/SM_ElevatorDoors.SM_ElevatorDoors",
    "interaction_hold_time": 0.0,
    "interaction_prompt_text": "Call Elevator",
    "has_static_audio": false,
    "has_toggled_on_audio": false,
    "has_toggled_off_audio": false,
    "has_static_lights": false,
    "has_toggled_on_lights": false,
    "has_toggled_off_lights": false,
    "has_static_vfx": false,
    "has_toggled_on_vfx": false,
    "has_toggled_off_vfx": false,
    "starting_health": 100.0,
    "loot_dropped_on_death": [],
    "deconstruction_tier": 0,
    "building_base": {
      "rotation": {
        "x": 0.0,
        "y": 0.0,
        "z": 0.0,
        "w": 1.0
      },
      "translation": {
        "x": 0.0,
        "y": 0.0,
        "z": 0.0
      },
      "scale3_d": {
        "x": 1.0,
        "y": 1.0,
        "z": 1.0
      }
    },
    "is_draggable": false,
    "level": 1,
    "default_world_gen_gameplay_tags": [],
    "meta_tags": [],
    "is_pingable": false,
    "casts_shadow": false,
    "collision_profile_name": {
      "name": "Furniture"
    },
    "random_material_overrides": [],
    "loot_positions": [],
    "weighted_chance": 1000,
    "world_gen_priority": 1000,
    "destruction_impulse_strength": 0.0,
    "door_anim_duration": 0.800000011920929,
    "door_timeout_duration": 2.5,
    "drag_angular_damping": 5.0,
    "drag_linear_damping": 5.0,
    "drag_mass": 1.0,
    "drag_max_angular_velocity": 90.0,
    "drag_tier": 0,
    "friction": 0.699999988079071,
    "furniture_armour": 2,
    "gameplay_tags": [],
    "release_angular_damping": 0.05000000074505806,
    "release_linear_damping": 0.009999999776482582,
    "restitution": 0.30000001192092896,
    "teleport_delay": 1.5,
    "travel_duration": 2.0
  }
}
